image,modal,split,model,Dice,IoU,Boundary_IoU,HD95,MAE,scale,global_hfr,boundary_hfr,boundary_freq_std,boundary_freq_gap,pred_fg_ratio,gt_fg_ratio
gas_446afd6b26614be4,NBI,test,attention_unet,0.0,0.0,0.0,316.7838379715733,0.0319475457072258,0.03204345703125,0.0006375848535614,0.0003852354798392,0.0001993548243432,0.0002474929880004,0.0,0.0319475446428571
gas_ee1a49eaf89ca25a,NBI,test,attention_unet,0.0,0.0,0.0,316.7838379715733,0.0679807066917419,0.0678558349609375,0.0002191597560025,0.0002467016390287,4.8076080958816106e-05,3.628976824999756e-05,0.0,0.0679807079081632
gas_6b4c50277f3fd2e7,NBI,test,unetpp,0.0,0.0,0.0,316.7838379715733,0.0323860011994838,0.0323333740234375,0.0005089687310417,0.0002920528279232,0.0001633619806967,2.6058694025923672e-05,0.0,0.0323860012755102
gas_781a9d3997764d66,NBI,test,unetpp,0.0,0.0,0.0,316.7838379715733,0.0240154657512903,0.0240020751953125,0.0002086869039873,0.0002600980331935,9.535756127074698e-05,2.462074146906363e-05,0.0,0.0240154655612244
gas_8b58a74094ccf95d,NBI,test,unetpp,0.0,0.0,0.0,316.7838379715733,0.0879105553030967,0.0879058837890625,0.0006969358529276,0.0006912527824026,0.0001105975090196,0.0001334714188217,0.0,0.0879105548469387
gas_ee1a49eaf89ca25a,NBI,test,unetpp,0.0,0.0,0.0,316.7838379715733,0.0679807066917419,0.0678558349609375,0.0002191597560025,0.0002467016390287,4.8076080958816106e-05,3.628976824999756e-05,0.0,0.0679807079081632
gas_f58054994167fabd,NBI,test,unetpp,0.0,0.0,0.0,316.7838379715733,0.0320870541036129,0.0321044921875,0.0007370083818422,0.0007011414237152,0.0001673860526448,0.0002115175696248,0.0,0.0320870535714285
gas_34049,NBI,test,attention_unet,0.0,0.0,0.0,163.9246697062809,0.1079599782824516,0.10382080078125,9.982670842486088e-05,0.0003785524923025,0.0002107886464112,6.316695434172974e-05,0.0044044961734693,0.1035554846938775
gas_b2c81bd5a9bcb333,NBI,test,attention_unet,0.2318149964961457,0.1311033608116677,0.0,151.89269846317225,0.5461774468421936,0.082122802734375,0.0002616113169908,0.0005379191010724,0.0004703144472862,0.0001652943170303,0.6285873724489796,0.0824099170918367
gas_b2c81bd5a9bcb333,NBI,test,unet,0.2248993799630153,0.1266966939363299,0.0,142.9401936958791,0.5680404901504517,0.082122802734375,0.0002616113169908,0.0005379191010724,0.0004703144472862,0.0001652943170303,0.6504504145408163,0.0824099170918367
gas_872946e39faa6a36,NBI,test,unetpp,0.0,0.0,0.0,136.3568841015067,0.169025033712387,0.1016387939453125,0.0009113858411833,0.0010873513535213,0.0003248774000397,0.0001911646436216,0.0673230229591836,0.1017020089285714
gas_8a3ca5702e6b303f,NBI,test,attention_unet,0.2758584807492195,0.1599975858530991,0.0,128.64795952096537,0.5547671914100647,0.105621337890625,0.0001043748561557,0.0001817784614798,9.4576684351105e-05,6.469371310710044e-05,0.6604352678571429,0.1056680484693877
gas_2c20688b4848b320,NBI,test,unet,0.2432403083939624,0.138459636543454,0.0,117.0006410139345,0.2777822017669678,0.0446014404296875,0.0006727128491855,0.0011670750570932,0.0002246768566459,4.626682670164778e-05,0.3224250637755102,0.0446428571428571
gas_2c20688b4848b320,NBI,test,attention_unet,0.2922183810579871,0.171109922847758,0.0,113.8793210119632,0.2162587642669677,0.0446014404296875,0.0006727128491855,0.0011670750570932,0.0002246768566459,4.626682670164778e-05,0.2609016262755102,0.0446428571428571
gas_8a3ca5702e6b303f,NBI,test,unet,0.2784663865546218,0.1617548355604368,0.0,108.98348328476918,0.5475924611091614,0.105621337890625,0.0001043748561557,0.0001817784614798,9.4576684351105e-05,6.469371310710044e-05,0.6532605229591837,0.1056680484693877
gas_b2c81bd5a9bcb333,NBI,test,unetpp,0.2609738395026665,0.1500689555055527,0.0,104.66372369276286,0.4667370915412903,0.082122802734375,0.0002616113169908,0.0005379191010724,0.0004703144472862,0.0001652943170303,0.5491470025510204,0.0824099170918367
gas_2875eb2cb8b326d7,NBI,test,attention_unet,0.2820788936749036,0.1641978159743987,0.0,104.0,0.504902720451355,0.0991973876953125,0.0004530757317297,0.000575410382873,0.0002984372687833,4.964551111419574e-05,0.6040935905612245,0.0991908482142857
gas_2875eb2cb8b326d7,NBI,test,unet,0.2670422535211267,0.1540962288686606,0.0,102.98834731739464,0.5445033311843872,0.0991973876953125,0.0004530757317297,0.000575410382873,0.0002984372687833,4.964551111419574e-05,0.6436941964285714,0.0991908482142857
gas_2875eb2cb8b326d7,NBI,test,unetpp,0.2924035015569003,0.1712368828487872,0.0,102.46999465706322,0.4800701439380646,0.0991973876953125,0.0004530757317297,0.000575410382873,0.0002984372687833,4.964551111419574e-05,0.5792610012755102,0.0991908482142857
gas_8e93cc04143a637c,NBI,test,attention_unet,0.3101559983433804,0.1835412014596155,0.0,94.52962492276134,0.2987683415412903,0.0671539306640625,0.0016658478495237,0.002071997950168,0.0005075334873948,0.0001218911038976,0.3659319196428571,0.0671635841836734
gas_1fec79e817fdab12,NBI,test,unetpp,0.0002508623392913,0.0001254469045976,0.0,92.94083345207464,0.3177016973495483,0.189422607421875,0.0005054227473466,0.000377018647134,0.0005537531364071,0.0006934341066596,0.1282884247448979,0.1894929846938775
gas_8a3ca5702e6b303f,NBI,test,swin_unet,0.3182377479667477,0.1892287376423141,0.0,92.85090591570136,0.4527463316917419,0.105621337890625,0.0001043748561557,0.0001817784614798,9.4576684351105e-05,6.469371310710044e-05,0.5584143813775511,0.1056680484693877
gas_8a3ca5702e6b303f,NBI,test,unetpp,0.30059245400686,0.1768807339449541,0.0,92.41753080449618,0.4917291104793548,0.105621337890625,0.0001043748561557,0.0001817784614798,9.4576684351105e-05,6.469371310710044e-05,0.5973971619897959,0.1056680484693877
gas_2875eb2cb8b326d7,NBI,test,swin_unet,0.2685624865098208,0.1551095459220245,0.0,88.5629715793546,0.5402981638908386,0.0991973876953125,0.0004530757317297,0.000575410382873,0.0002984372687833,4.964551111419574e-05,0.6394889987244898,0.0991908482142857
gas_7a4663a14193823,NBI,test,swin_unet,0.4413186518060964,0.2831359035106612,0.0,80.41610278581932,0.3316725194454193,0.130706787109375,0.000929762402323,0.0008321531955008,0.0003372635719998,0.0001494757886055,0.4626713966836734,0.1309988839285714
gas_781a9d3997764d66,NBI,test,attention_unet,0.0,0.0,0.0,79.04587131791865,0.0241749044507741,0.0240020751953125,0.0002086869039873,0.0002600980331935,9.535756127074698e-05,2.462074146906363e-05,0.0001594387755102,0.0240154655612244
gas_c734daf6e40c2ca5,NBI,test,attention_unet,0.5298652921557586,0.3604195515747915,0.0,77.86268164277733,0.4326371252536773,0.24432373046875,0.000328179536445,0.0003659640560738,0.000168176158309,0.0003817325600868,0.6764389349489796,0.2438018176020408
gas_c734daf6e40c2ca5,NBI,test,unet,0.4978532039151049,0.3314277973448929,0.0,76.15639158333536,0.4918088316917419,0.24432373046875,0.000328179536445,0.0003659640560738,0.000168176158309,0.0003817325600868,0.7356106505102041,0.2438018176020408
gas_7a34685bb33d23f5,NBI,test,unet,0.0,0.0,0.0,72.14187282934839,0.0777861922979354,0.0651092529296875,0.0002490529086474,0.0002844911375302,0.0002945257646414,0.0001993668957452,0.0127949617346938,0.0649912308673469
gas_b2c81bd5a9bcb333,NBI,test,swin_unet,0.4065480287090748,0.2551366693404084,0.0,68.41855087297535,0.2405931055545807,0.082122802734375,0.0002616113169908,0.0005379191010724,0.0004703144472862,0.0001652943170303,0.3230030293367347,0.0824099170918367
gas_dbdcaaa38b9d4c82,NBI,test,swin_unet,0.536785589943745,0.3668536793067174,0.0,63.52952069707436,0.5038065910339355,0.795654296875,0.0003001187198014,0.0003714407624661,0.0003370194326484,7.793595709624119e-05,0.2919124681122449,0.7957190688775511
gas_6281db552a6bc5c8,NBI,test,attention_unet,0.1038830055471507,0.0547872340425531,0.0,60.4313648680706,0.0708306729793548,0.07476806640625,0.0003601587561214,0.0007132026105827,0.0007117861332154,0.0005858283674648,0.0041055484693877,0.0749362244897959
gas_ee1a49eaf89ca25a,NBI,test,unet,0.0264937993235625,0.0134247357897743,0.0,57.35278437385868,0.0688376948237419,0.0678558349609375,0.0002191597560025,0.0002467016390287,4.8076080958816106e-05,3.628976824999756e-05,0.0027303890306122,0.0679807079081632
gas_8c676604309f635a,NBI,test,swin_unet,0.706982395827159,0.5467693506612574,0.0,47.01063709417264,0.3940927982330322,0.86907958984375,0.0002808987565589,0.0005603921351955,0.0005072390119216,0.0006308538671966,0.4754264987244898,0.8695192920918368
gas_8809274ac654c27d,NBI,test,unet,0.0089285714285714,0.0044843049327354,0.0,41.65092351190575,0.0530931130051612,0.0532379150390625,0.0008805189783833,0.0017319388207557,0.0007809624238046,3.36804509009944e-05,0.0002391581632653,0.0533322704081632
gas_8809274ac654c27d,NBI,test,unetpp,0.087205146533238,0.0455904334828101,0.0,32.77727080974617,0.0509008280932903,0.0532379150390625,0.0008805189783833,0.0017319388207557,0.0007809624238046,3.36804509009944e-05,0.0024314413265306,0.0533322704081632
gas_4a9b80d265b0794e,NBI,test,swin_unet,0.615081228284346,0.4441280173582859,0.0020155485171321,29.09035264917957,0.0816924422979354,0.06488037109375,0.0002433387840195,0.0001161846389039,5.694987730793735e-05,8.797629651679012e-06,0.1469626913265306,0.0652702487244897
gas_2c99d75f992d1929,NBI,test,unetpp,0.6683989606236258,0.5019513659561693,0.0027164685908319,27.022814979301955,0.0661272332072258,0.1326904296875,0.0012741077218217,0.0008661780400466,0.0004246240242457,0.0008337979241431,0.0666454081632653,0.1327726403061224
gas_7a4663a14193823,NBI,test,unetpp,0.4490214161287017,0.2895084566596194,0.0027583670467083,106.23088063270492,0.3214883506298065,0.130706787109375,0.000929762402323,0.0008321531955008,0.0003372635719998,0.0001494757886055,0.4524872448979591,0.1309988839285714
gas_4a9b80d265b0794e,NBI,test,unet,0.482789120660426,0.3182083171395258,0.0029737766964044,41.0,0.1398477405309677,0.06488037109375,0.0002433387840195,0.0001161846389039,5.694987730793735e-05,8.797629651679012e-06,0.2051179846938775,0.0652702487244897
gas_f58054994167fabd,NBI,test,attention_unet,0.1257275902211874,0.0670807453416149,0.0041152263374485,31.827660925679098,0.0299346297979354,0.0321044921875,0.0007370083818422,0.0007011414237152,0.0001673860526448,0.0002115175696248,0.0021524234693877,0.0320870535714285
gas_f2dbf6021790f01e,NBI,test,swin_unet,0.6822188641229064,0.5177027091595394,0.0055919784033937,64.18176506775741,0.201171875,0.4171295166015625,0.0007202215377725,0.0012835853123087,0.0007423738683327,0.0009028539545589,0.2159398915816326,0.4171117665816326
gas_9095fa0a7544fd2,NBI,test,swin_unet,0.5936812868880916,0.4221527320605661,0.0074688796680497,37.0,0.1399473845958709,0.2423248291015625,0.0009685315577578,0.0007923292365878,0.0002379509791521,0.0001845081992666,0.1022401147959183,0.2421875
gas_358df89f502b5e42,NBI,test,swin_unet,0.3262269674530739,0.1949051401292234,0.0077695660413113,100.0,0.3898876011371612,0.09442138671875,0.0001530559564509,0.0003720818637527,0.0001924284806619,0.0001621477612022,0.4842753507653061,0.0943877551020408
gas_c734daf6e40c2ca5,NBI,test,unetpp,0.5495137344743166,0.3788479405388665,0.0080372930397042,75.66372975210778,0.3997329473495483,0.24432373046875,0.000328179536445,0.0003659640560738,0.000168176158309,0.0003817325600868,0.6435347576530612,0.2438018176020408
gas_c734daf6e40c2ca5,NBI,test,swin_unet,0.7281114219391703,0.5724647854368478,0.0093571304799861,36.24014402328309,0.1820790767669677,0.24432373046875,0.000328179536445,0.0003659640560738,0.000168176158309,0.0003817325600868,0.4258808992346938,0.2438018176020408
gas_28ecfa5114c45b62,NBI,test,attention_unet,0.5778153017328026,0.4062871035223611,0.0129265770423991,54.99544476486281,0.2092833220958709,0.148773193359375,0.0016281528846826,0.0021817261824634,0.0006423938830986,0.0002814996021064,0.3467793367346938,0.1489357461734693
gas_358df89f502b5e42,NBI,test,unetpp,0.3834630925396668,0.237212704992989,0.0129794370716056,85.39025500784847,0.2493622452020645,0.09442138671875,0.0001530559564509,0.0003720818637527,0.0001924284806619,0.0001621477612022,0.3100685586734694,0.0943877551020408
gas_4a9b80d265b0794e,NBI,test,attention_unet,0.5387399243296594,0.368681751660475,0.0137299771167048,45.0,0.1117665842175483,0.06488037109375,0.0002433387840195,0.0001161846389039,5.694987730793735e-05,8.797629651679012e-06,0.1770368303571428,0.0652702487244897
gas_9a2be4e675720b86,NBI,test,unet,0.808783279422742,0.6789556135770235,0.0141421659843691,22.5420504289206,0.1225287020206451,0.259033203125,0.0005700583132297,0.0009960948300063,0.0010679140090154,0.0003917411091347,0.381656568877551,0.2591278698979591
gas_ecb03379390103e6,NBI,test,attention_unet,0.6973809631882347,0.5353683183497108,0.0147988284260829,54.51597856747153,0.2657445669174194,0.375823974609375,0.0003236857437982,0.0006310337051636,0.0004016572685476,0.0003625121566733,0.5023317920918368,0.3758171237244898
gas_38f77d5bea557d11,NBI,test,attention_unet,0.6614638651581621,0.494169599116815,0.0156311059007424,50.78434602867662,0.1461057066917419,0.142547607421875,0.000287256851751,0.0004687686269569,0.0002233051057654,0.00034615003782,0.2888432716836734,0.1427375637755102
gas_28ecfa5114c45b62,NBI,test,unetpp,0.6194326787318701,0.4486798066195612,0.0158316633266533,51.222539488385536,0.1772759854793548,0.148773193359375,0.0016281528846826,0.0021817261824634,0.0006423938830986,0.0002814996021064,0.3168845663265306,0.1489357461734693
gas_8e93cc04143a637c,NBI,test,unet,0.2782328121121866,0.1615972322329537,0.015864431224085,113.3135013660845,0.3477359712123871,0.0671539306640625,0.0016658478495237,0.002071997950168,0.0005075334873948,0.0001218911038976,0.4146205357142857,0.0671635841836734
gas_9708ea8244c635a,NBI,test,unet,0.2358187935216336,0.1336703920525102,0.01669449081803,132.55375966040333,0.1946548223495483,0.1358184814453125,0.0006054475736629,0.0006901539255365,0.0004182646493835,0.0003168153046568,0.118961256377551,0.1357621173469387
gas_d0dd34ddf755c8ea,NBI,test,unetpp,0.0792249202845229,0.0412463286936534,0.0168741355463347,89.94303749710397,0.2992665767669678,0.2421112060546875,0.0005271401021697,0.0006301905826087,0.0002817699150965,0.0001781798792354,0.0827686543367346,0.2422472895408163
gas_d7ae605323711791,NBI,test,attention_unet,0.2435563963111846,0.1386645126548196,0.0169727323316638,119.45960897153635,0.1912667453289032,0.03076171875,0.0013544746996714,0.0022405369274428,0.0004685431656126,0.0004196400373217,0.2220583545918367,0.0307916135204081
gas_d0dd34ddf755c8ea,NBI,test,attention_unet,0.1583854462762933,0.086003580910045,0.0177383592017738,89.06317952335964,0.2950414419174194,0.2421112060546875,0.0005271401021697,0.0006301905826087,0.0002817699150965,0.0001781798792354,0.1083187181122449,0.2422472895408163
gas_11cb07bb1b748e60,NBI,test,attention_unet,0.628598567879585,0.4583621929777825,0.0180513266637668,50.20956084253277,0.2026068270206451,0.359130859375,0.001498659289265,0.0013980341214765,0.0012360794810873,0.0006071928922385,0.1860849808673469,0.3594347895408163
gas_cb06954170400105,NBI,test,attention_unet,0.7318405828155132,0.5770887893892034,0.0185185185185185,44.50949916062833,0.2993064522743225,0.5226287841796875,0.0003517036818115,0.0015995609513842,0.0015163624947586,0.0009111031461971,0.5933314732142857,0.522819674744898
gas_13be60855a9fb511,NBI,test,swin_unet,0.7091594617434831,0.5493780530795186,0.0185645933014354,35.0,0.1783322691917419,0.3032073974609375,0.0004475720816869,0.0006015164539717,0.0005337808718549,5.318223375406237e-05,0.3099290497448979,0.3032326211734694
gas_cb06954170400105,NBI,test,unetpp,0.6983031033663945,0.5364559946115851,0.0185749930690324,53.681176739527096,0.3291812837123871,0.5226287841796875,0.0003517036818115,0.0015995609513842,0.0015163624947586,0.0009111031461971,0.5682796556122449,0.522819674744898
gas_b856c8afa6c71b8,NBI,test,unetpp,0.1031778786628146,0.0543951261966927,0.0191489361702127,28.284271247461906,0.0433075577020645,0.04583740234375,0.0003302227772434,0.0004625797150612,0.0002865249070901,7.585018044705723e-05,0.0024912308673469,0.0457987882653061
gas_c173088f8c9bbfc8,NBI,test,unet,0.7776941339973362,0.6362516581390942,0.0196825396825396,39.81205847478876,0.2295320481061935,0.40203857421875,0.0004222320175866,0.0005874259445285,0.0003605863680175,0.0001101118962914,0.6304209183673469,0.4020846619897959
gas_ee87b6021cef37fd,NBI,test,swin_unet,0.6539789401001208,0.4858608528374479,0.0200044454323182,44.48757933099707,0.1597975194454193,0.150848388671875,0.0004786901766061,0.000184965514286,0.0001507143526286,4.632680523165833e-05,0.3108059630102041,0.151008450255102
gas_d7ae605323711791,NBI,test,unet,0.2613549860441512,0.1503210741389375,0.0200564086493262,112.83083579581782,0.1740473508834839,0.03076171875,0.0013544746996714,0.0022405369274428,0.0004685431656126,0.0004196400373217,0.2048389668367347,0.0307916135204081
gas_c76443e2959241,NBI,test,unet,0.5474105579184388,0.3768515328970031,0.0212440516655336,65.28552521773608,0.3244778513908386,0.196319580078125,0.0012496543105764,0.0015919085301226,0.0010494770499524,0.0008656024480928,0.5206871811224489,0.1962492028061224
gas_7a4663a14193823,NBI,test,attention_unet,0.4438806576009742,0.2852484674579366,0.0215982721382289,103.11084084243215,0.3276466727256775,0.130706787109375,0.000929762402323,0.0008321531955008,0.0003372635719998,0.0001494757886055,0.4581672512755102,0.1309988839285714
gas_13be60855a9fb511,NBI,test,unetpp,0.6056122076468154,0.4343212203721157,0.0217261012885825,62.120848397287226,0.3229631781578064,0.3032073974609375,0.0004475720816869,0.0006015164539717,0.0005337808718549,5.318223375406237e-05,0.5156648596938775,0.3032326211734694
gas_34051,NBI,test,attention_unet,0.3751514586634355,0.2308839557161704,0.0218668407310704,79.90494334040562,0.2672193944454193,0.191162109375,6.703399311957955e-05,0.0002640112880253,0.0002104622837312,5.797877723162637e-05,0.2376634247448979,0.1899912308673469
gas_11cb07bb1b748e60,NBI,test,swin_unet,0.5331172937085046,0.3634355299315696,0.0218757272515708,50.751752623383744,0.2354512065649032,0.359130859375,0.001498659289265,0.0013980341214765,0.0012360794810873,0.0006071928922385,0.1448700573979592,0.3594347895408163
gas_38b7b03e6f779fcd,NBI,test,swin_unet,0.3856764164083209,0.2389089897021987,0.0219490781387181,110.02272492535349,0.2725007832050323,0.1149139404296875,0.0008188417099433,0.0006433996006641,0.0002677790274685,0.0001677091237594,0.3288823341836734,0.114696269132653
gas_11cb07bb1b748e60,NBI,test,unetpp,0.4250671899662984,0.2698954439568774,0.0220624690133862,60.95283315485058,0.2685945332050323,0.359130859375,0.001498659289265,0.0013980341214765,0.0012360794810873,0.0006071928922385,0.1077407525510204,0.3594347895408163
gas_2dfbfd0b28aca611,NBI,test,attention_unet,0.5782815356489945,0.4067482769262421,0.0228908724445724,52.20153254455275,0.229870855808258,0.3878021240234375,0.0005872911859875,0.0011215208383445,0.0006968317351794,0.0002966460439933,0.157665019132653,0.3874162946428571
gas_d0dd34ddf755c8ea,NBI,test,unet,0.0735774046163887,0.0381938027474896,0.023573533351192,90.25242366263492,0.3111647069454193,0.2421112060546875,0.0005271401021697,0.0006301905826087,0.0002817699150965,0.0001781798792354,0.0936304209183673,0.2422472895408163
gas_8c676604309f635a,NBI,test,attention_unet,0.7569377172488461,0.6089298402438745,0.024211033485907,43.03254243412231,0.3400430381298065,0.86907958984375,0.0002808987565589,0.0005603921351955,0.0005072390119216,0.0006308538671966,0.5294762436224489,0.8695192920918368
gas_30d44976c07b274a,NBI,test,unetpp,0.6179987413467589,0.4471766848816029,0.0244809420514409,23.08679276123039,0.0725845023989677,0.1309967041015625,0.0012155142010862,0.0018336367395535,0.0017162161162112,0.0002307203767716,0.0587133290816326,0.131297831632653
gas_8e93cc04143a637c,NBI,test,unetpp,0.3518225039619651,0.2134615384615384,0.0250765696784073,104.4289210626655,0.2445392161607742,0.0671539306640625,0.0016658478495237,0.002071997950168,0.0005075334873948,0.0001218911038976,0.3101084183673469,0.0671635841836734
gas_e53cd99354633966,NBI,test,swin_unet,0.7895133246799032,0.6522280176864624,0.0251220212460522,65.05382386916237,0.2617785334587097,0.7516632080078125,0.0002777524314724,0.0005440894970396,0.0004308892036024,0.0001944477341031,0.492805325255102,0.7508769132653061
gas_cb6507c072ec77d3,NBI,test,unetpp,0.4529263913824057,0.292763310588126,0.0252589496638197,62.63464327865598,0.3036511540412903,0.4208221435546875,0.0005530387516586,0.0005957454440581,0.0003489191543747,0.0001448088097518,0.1339285714285714,0.4211176658163265
gas_c173088f8c9bbfc8,NBI,test,attention_unet,0.7835406399123837,0.6441157556270096,0.0253612503686228,38.63935817272331,0.2205835431814193,0.40203857421875,0.0004222320175866,0.0005874259445285,0.0003605863680175,0.0001101118962914,0.6169682716836735,0.4020846619897959
gas_d7ae605323711791,NBI,test,unetpp,0.2714398803764623,0.1570323631182577,0.0254110612855007,118.55040592025756,0.1650789231061935,0.03076171875,0.0013544746996714,0.0022405369274428,0.0004685431656126,0.0004196400373217,0.1957908163265306,0.0307916135204081
gas_2ff8e2db3424fdfb,NBI,test,unetpp,0.3768311922470137,0.2321577339627881,0.0260383042823326,114.56264500145052,0.3306361734867096,0.1127166748046875,0.00064196959066,0.0016222645275878,0.0005451947340742,0.000362170729318,0.4179886798469387,0.1125837053571428
gas_38b7b03e6f779fcd,NBI,test,unet,0.2151532677848467,0.1205443940375891,0.0262115208777811,150.23631322068258,0.3786272406578064,0.1149139404296875,0.0008188417099433,0.0006433996006641,0.0002677790274685,0.0001677091237594,0.3677256058673469,0.114696269132653
gas_b8738c3243a1db79,NBI,test,unetpp,0.594972191323693,0.4234593704477801,0.0268029309679907,43.92092096565469,0.1814213991165161,0.210968017578125,0.0004820277209055,0.0007345105941363,0.0004479996959759,0.0001313945227025,0.2371053890306122,0.2108179209183673
gas_6083f65fa279a93b,NBI,test,unetpp,0.2610809265084358,0.1501397796415063,0.0272899216427992,73.97159476452336,0.2059949040412902,0.2416229248046875,0.0010817941618716,0.0013015599797391,0.0004517295943311,0.0002449129049919,0.0371691645408163,0.2416095344387755
gas_80cb465b3306aa9e,NBI,test,attention_unet,0.7425221885689315,0.5904853205512283,0.0273106417328131,48.0,0.3405413031578064,0.72686767578125,0.00016230193123,0.0003208075357292,0.0003440185789534,0.0004243543894562,0.5943080357142857,0.7282963966836735
gas_80cb465b3306aa9e,NBI,test,swin_unet,0.7084406851068656,0.5485157955486413,0.0273932682500364,49.36594271452719,0.3585977256298065,0.72686767578125,0.00016230193123,0.0003208075357292,0.0003440185789534,0.0004243543894562,0.5016342474489796,0.7282963966836735
gas_af171fc5e861549f,NBI,test,attention_unet,0.024793388429752,0.0125523012552301,0.0276845637583892,50.91168824543142,0.0517378821969032,0.038970947265625,0.0012601052058224,0.0012868321282667,0.0006077271401111,0.0004206174069071,0.014110331632653,0.0389429209183673
gas_358df89f502b5e42,NBI,test,unet,0.3251143436844458,0.1941113666228646,0.0278293135435992,107.93516572461452,0.3911232352256775,0.09442138671875,0.0001530559564509,0.0003720818637527,0.0001924284806619,0.0001621477612022,0.4851522640306122,0.0943877551020408
gas_bb2f30f4f0423c92,NBI,test,unetpp,0.7251100921596223,0.5687629086247419,0.02832674571805,38.9614795572771,0.1206752210855484,0.2070465087890625,0.0012642014597202,0.0007777838804713,0.000448046235015,0.0002018478927132,0.2322624362244898,0.2067323022959183
gas_6b4c50277f3fd2e7,NBI,test,unet,0.0562200956937799,0.0289230769230769,0.0289855072463768,49.79708200421128,0.0314492993056774,0.0323333740234375,0.0005089687310417,0.0002920528279232,0.0001633619806967,2.6058694025923672e-05,0.0009367028061224,0.0323860012755102
gas_37268,NBI,test,swin_unet,0.1898700326255549,0.1048930386479139,0.0294631710362047,126.58909900991492,0.3018773794174194,0.302642822265625,0.0001024224996008,0.0003847150509853,0.0004190793619944,0.0001707918206982,0.0699736926020408,0.3026546556122449
gas_2acd4e36da4c7150,NBI,test,unet,0.268156719769623,0.1548389065169636,0.0295029131027643,143.83671297690307,0.5520766973495483,0.119140625,0.0006262454799288,0.0014432095179634,0.0005272401365089,0.0003882097070419,0.6350047831632653,0.1193598533163265
gas_33889,NBI,test,attention_unet,0.4412343540895851,0.2830665117923337,0.0297937356760886,52.58895861612939,0.2829241156578064,0.3400726318359375,5.263283939133559e-05,0.0001290949124311,7.883568885855115e-05,5.3526702170831816e-05,0.1660754145408163,0.3402622767857143
gas_e2ae7f2a76e15ef6,NBI,test,unetpp,0.7283615301547826,0.5727740607308286,0.0298714831538728,40.318726251452,0.1654376536607742,0.3780517578125,0.0005185232559776,0.0005627936553734,0.0002572921472839,8.64284888386184e-05,0.2311463647959183,0.3778898278061224
gas_37268,NBI,test,unetpp,0.3646949231485794,0.2230133864995727,0.0301857585139318,64.53681120105021,0.2718431055545807,0.302642822265625,0.0001024224996008,0.0003847150509853,0.0004190793619944,0.0001707918206982,0.1252391581632653,0.3026546556122449
gas_1606d053093ecd75,NBI,test,unetpp,0.2955019707859958,0.1733659797320274,0.0303304662743322,54.06245897756924,0.2422273606061935,0.293182373046875,0.0010117759644944,0.000983130162723,0.0002709279454354,0.0002547360182174,0.0508011798469387,0.2930285395408163
gas_61433da4513edc30,NBI,test,attention_unet,0.7218585005279831,0.5647719762062128,0.0307012443307361,73.0,0.2887237071990967,0.628570556640625,0.0001345306489978,0.0003719795459324,0.0004042630060927,0.0001848306940031,0.4079838966836734,0.6300621811224489
gas_1fec79e817fdab12,NBI,test,attention_unet,0.1573234732824427,0.0853776943491488,0.030772366007744,87.51170445470945,0.2816087305545807,0.189422607421875,0.0005054227473466,0.000377018647134,0.0005537531364071,0.0006934341066596,0.1446906887755102,0.1894929846938775
gas_d7ae605323711791,NBI,test,swin_unet,0.3042792348649181,0.1794394697057797,0.0312061711079943,77.8781043303693,0.140625,0.03076171875,0.0013544746996714,0.0022405369274428,0.0004685431656126,0.0004196400373217,0.171336894132653,0.0307916135204081
gas_5f1f9a0a26bb4066,NBI,test,unet,0.6810262907823883,0.516330451488953,0.0316649642492339,38.27531841800928,0.2207629084587097,0.3179473876953125,0.0011412478061972,0.0012705274788677,0.0009037558589444,0.0002008940185022,0.3745416135204081,0.317562181122449
gas_243e4bc2b4d0642f,NBI,test,attention_unet,0.680497140966873,0.5157223694577753,0.0316835074499058,65.88168670891565,0.2694914042949676,0.2871551513671875,0.0004254324543173,0.0005138810802517,0.0002950911162492,0.0002359811113098,0.5564213966836735,0.2870495854591837
gas_243e4bc2b4d0642f,NBI,test,swin_unet,0.674620288768048,0.5090015208856506,0.0320284697508896,64.03124237432849,0.2766661345958709,0.2871551513671875,0.0004254324543173,0.0005138810802517,0.0002950911162492,0.0002359811113098,0.5632374043367347,0.2870495854591837
gas_243e4bc2b4d0642f,NBI,test,unet,0.6377370193159667,0.4681453055383915,0.0321080270067516,81.94614125957771,0.3259327113628387,0.2871551513671875,0.0004254324543173,0.0005138810802517,0.0002950911162492,0.0002359811113098,0.612663424744898,0.2870495854591837
gas_c76443e2959241,NBI,test,attention_unet,0.5820387631306406,0.4104757929883139,0.0321372854914196,74.97832851637742,0.2815091013908386,0.196319580078125,0.0012496543105764,0.0015919085301226,0.0010494770499524,0.0008656024480928,0.4772799744897959,0.1962492028061224
gas_33668,NBI,test,swin_unet,0.3781498101484294,0.233159518995424,0.0323089046493301,98.99999987117374,0.1436144709587097,0.0508270263671875,7.344069133139307e-05,0.0003081264604747,0.0001030169719116,8.49383101343627e-05,0.180305325255102,0.0506417410714285
gas_f2dbf6021790f01e,NBI,test,unetpp,0.7617075407508209,0.6151273352764107,0.0324675324675324,41.0,0.160534918308258,0.4171295166015625,0.0007202215377725,0.0012835853123087,0.0007423738683327,0.0009028539545589,0.2565768494897959,0.4171117665816326
gas_11cb07bb1b748e60,NBI,test,unet,0.6530019006447285,0.4847830898627711,0.0325769490002246,51.68403097731086,0.1855667978525161,0.359130859375,0.001498659289265,0.0013980341214765,0.0012360794810873,0.0006071928922385,0.1753427933673469,0.3594347895408163
gas_28bfaabe0f12f98e,NBI,test,attention_unet,0.5412824207492796,0.3710673186151034,0.0332167832167832,62.369864518050704,0.2537866830825805,0.149749755859375,0.0002666693054249,0.0003878676166359,0.0001586402451064,0.0001841571124728,0.4035196109693877,0.1497329400510204
gas_a1b3c5fce05ae64b,NBI,test,attention_unet,0.592678405931418,0.4211392821863681,0.0332835502453595,92.15530117000128,0.175183355808258,0.13946533203125,0.0005617859323609,0.000296525231871,9.86471651287692e-05,9.825740370510128e-05,0.2908561862244898,0.1392299107142857
gas_38b7b03e6f779fcd,NBI,test,attention_unet,0.3023096793800334,0.1780711568583576,0.0337892196299275,127.09715545936614,0.3660315573215484,0.1149139404296875,0.0008188417099433,0.0006433996006641,0.0002677790274685,0.0001677091237594,0.4099370216836734,0.114696269132653
gas_1fec79e817fdab12,NBI,test,swin_unet,0.4365584504785018,0.2792291471415182,0.0344770973567558,80.0,0.2452367693185806,0.189422607421875,0.0005054227473466,0.000377018647134,0.0005537531364071,0.0006934341066596,0.2457549426020408,0.1894929846938775
gas_2acd4e36da4c7150,NBI,test,swin_unet,0.4625550660792951,0.3008595988538682,0.03456640388114,69.20439145079838,0.1653380095958709,0.119140625,0.0006262454799288,0.0014432095179634,0.0005272401365089,0.0003882097070419,0.1882772640306122,0.1193598533163265
gas_7cb3e4ae6ee1ca7d,NBI,test,unet,0.4855010048808498,0.3205687203791469,0.0350438047559449,38.45417826028482,0.0714285746216774,0.0836334228515625,0.0006812237075678,0.000837906503056,0.0003265205528073,0.0002136587716941,0.0553252551020408,0.0835060586734693
gas_2dfbfd0b28aca611,NBI,test,unetpp,0.6465195246179966,0.4776718514801806,0.0352697095435684,63.30678963590677,0.2074697017669677,0.3878021240234375,0.0005872911859875,0.0011215208383445,0.0006968317351794,0.0002966460439933,0.1995176977040816,0.3874162946428571
gas_d87a608e680af548,NBI,test,swin_unet,0.0335228100859932,0.0170471390453602,0.0355603448275862,82.25568205805533,0.1321548223495483,0.13446044921875,0.0007520296776159,0.0011198454763456,0.0008996437071046,0.0002203456426598,0.0022919323979591,0.1344467474489795
gas_2dfbfd0b28aca611,NBI,test,swin_unet,0.6477217391304347,0.4789855445238952,0.0360805165210786,47.52998937974047,0.201849490404129,0.3878021240234375,0.0005872911859875,0.0011215208383445,0.0006968317351794,0.0002966460439933,0.1855668048469387,0.3874162946428571
gas_ba495a4f4515a679,NBI,test,unet,0.7162548327449991,0.5579416001047531,0.0360954174513496,25.62516555255315,0.0672831609845161,0.08477783203125,0.0003643552319565,0.0004255249471805,0.0001113244339581,8.958099740466311e-06,0.1522042410714285,0.0849210778061224
gas_7a4663a14193823,NBI,test,unet,0.504681053633767,0.3375072955908102,0.0361638361638361,98.16822177530184,0.2488440722227096,0.130706787109375,0.000929762402323,0.0008321531955008,0.0003372635719998,0.0001494757886055,0.3713926977040816,0.1309988839285714
gas_6083f65fa279a93b,NBI,test,unet,0.5587631095253541,0.3876969242310578,0.0361751152073732,43.203972901037055,0.1626674085855484,0.2416229248046875,0.0010817941618716,0.0013015599797391,0.0004517295943311,0.0002449129049919,0.1270527742346938,0.2416095344387755
gas_38f77d5bea557d11,NBI,test,unetpp,0.5964500020981075,0.4249581439846926,0.0366598778004073,65.86273601068119,0.1916653364896774,0.142547607421875,0.000287256851751,0.0004687686269569,0.0002233051057654,0.00034615003782,0.332210618622449,0.1427375637755102
gas_33668,NBI,test,unet,0.3473381082478033,0.2101688857117326,0.0367037650959033,106.06601717798212,0.176159918308258,0.0508270263671875,7.344069133139307e-05,0.0003081264604747,0.0001030169719116,8.49383101343627e-05,0.2192681760204081,0.0506417410714285
gas_d0dd34ddf755c8ea,NBI,test,swin_unet,0.2023946580704582,0.112591264250032,0.0371053238073288,105.97522962665434,0.2761479616165161,0.2421112060546875,0.0005271401021697,0.0006301905826087,0.0002817699150965,0.0001781798792354,0.1039740114795918,0.2422472895408163
gas_28bfaabe0f12f98e,NBI,test,unet,0.5214283235590103,0.352656778069846,0.0375399361022364,68.60575712272525,0.2748525142669678,0.149749755859375,0.0002666693054249,0.0003878676166359,0.0001586402451064,0.0001841571124728,0.4245854591836734,0.1497329400510204
gas_3ec3f162e30d0bcf,NBI,test,attention_unet,0.693540517209023,0.5308549758676167,0.0379908210096889,42.09569066331368,0.1627272069454193,0.301422119140625,0.0001900326140943,0.000322581851491,0.0002307664244688,0.0001643885359379,0.2298708545918367,0.3011200573979591
gas_8922bbe70906715,NBI,test,attention_unet,0.5773423994468134,0.405819642915006,0.0390328151986183,94.88308405727462,0.3654536008834839,0.30255126953125,0.0002731848480938,0.0007951817553485,0.0005380514946732,8.70513863731701e-05,0.5629783163265306,0.3016780931122449
gas_9dd840c7d03fc13e,NBI,test,swin_unet,0.730835734870317,0.5758401453224341,0.0391479562464018,43.0,0.3815967738628387,0.8987884521484375,0.0003378421139225,0.0006535792102434,0.0004577093598125,0.0011485297642036,0.5180763711734694,0.8996332908163265
gas_b8738c3243a1db79,NBI,test,unet,0.4008294122338304,0.2506483143826052,0.0393755420641804,77.81643453582318,0.2994658946990967,0.210968017578125,0.0004820277209055,0.0007345105941363,0.0004479996959759,0.0001313945227025,0.2889827806122449,0.2108179209183673
gas_f60a679ed0cb6ef9,NBI,test,unet,0.4992108229988726,0.3326322115384615,0.039731229915279,39.55243557650226,0.0885283797979354,0.0443267822265625,0.0007046507424352,0.0007247393878039,8.208470386060628e-05,0.0001604948468817,0.1326530612244898,0.0441246811224489
gas_243e4bc2b4d0642f,NBI,test,unetpp,0.6909807313440007,0.5278613904999633,0.0401619979750253,77.14141739580015,0.2563377022743225,0.2871551513671875,0.0004254324543173,0.0005138810802517,0.0002950911162492,0.0002359811113098,0.5424705038265306,0.2870495854591837
gas_a1b3c5fce05ae64b,NBI,test,unetpp,0.5610044769207019,0.3898583893577457,0.0402922293557671,93.6351961992711,0.1700215190649032,0.13946533203125,0.0005617859323609,0.000296525231871,9.86471651287692e-05,9.825740370510128e-05,0.2480668048469387,0.1392299107142857
gas_2c20688b4848b320,NBI,test,unetpp,0.4765957446808511,0.3128491620111732,0.0404103201740752,58.91313300138713,0.0980548486113548,0.0446014404296875,0.0006727128491855,0.0011670750570932,0.0002246768566459,4.626682670164778e-05,0.1426977040816326,0.0446428571428571
gas_34051,NBI,test,unetpp,0.5415447527056086,0.3713139321280093,0.0408674803836094,91.00384603773936,0.2591876685619354,0.191162109375,6.703399311957955e-05,0.0002640112880253,0.0002104622837312,5.797877723162637e-05,0.3753587372448979,0.1899912308673469
gas_c76443e2959241,NBI,test,unetpp,0.6075509190263289,0.4363182304673564,0.0419721407624633,57.77190938497686,0.2519132792949676,0.196319580078125,0.0012496543105764,0.0015919085301226,0.0010494770499524,0.0008656024480928,0.4456513073979591,0.1962492028061224
gas_7cb3e4ae6ee1ca7d,NBI,test,unetpp,0.4019559902200489,0.2515299877600979,0.0422785936804628,48.84209223673819,0.0731226056814193,0.0836334228515625,0.0006812237075678,0.000837906503056,0.0003265205528073,0.0002136587716941,0.0387635522959183,0.0835060586734693
gas_bb2f30f4f0423c92,NBI,test,attention_unet,0.6904791744997284,0.5272762074905889,0.0424815983175604,47.43100227342323,0.1476602405309677,0.2070465087890625,0.0012642014597202,0.0007777838804713,0.000448046235015,0.0002018478927132,0.270328443877551,0.2067323022959183
gas_3a93aaf3b1a7fdc0,NBI,test,unetpp,0.5090036014405762,0.3413848631239936,0.0424865831842576,33.00530181345342,0.0570591501891613,0.0639495849609375,0.0003889183073051,0.0006295424676574,0.0003105489557795,0.0001856517111489,0.0521364795918367,0.0640744579081632
gas_1fec79e817fdab12,NBI,test,unet,0.1846361185983827,0.1017074981440237,0.0428191904985153,99.0,0.3617267310619354,0.189422607421875,0.0005054227473466,0.000377018647134,0.0005537531364071,0.0006934341066596,0.2541454081632653,0.1894929846938775
gas_bee1ae994d28ccf4,NBI,test,unetpp,0.7295141937371964,0.5742009789807083,0.0429728046501972,44.30855524881287,0.1473612934350967,0.3460845947265625,0.0017518798770655,0.0015754444109508,0.0008495673682175,0.0014161037230119,0.1987205038265306,0.3460817920918367
gas_4c45177c57b20f13,NBI,test,unetpp,0.7602157081994593,0.6131838524066124,0.0429845904298459,51.03920062069938,0.3376315236091614,0.5352630615234375,0.0010206533775983,0.0009534360489486,0.0005201732943668,0.0002125328649721,0.8728276466836735,0.5352359693877551
gas_adabb41367f870fe,NBI,test,attention_unet,0.5191626612699216,0.3505872304078582,0.0430200414651002,80.31428609008171,0.3030532598495483,0.166595458984375,0.0013313970514104,0.0019338919716799,0.0002380990050961,0.0001650240438882,0.4630899234693877,0.1671715561224489
gas_358df89f502b5e42,NBI,test,attention_unet,0.5288161497802968,0.3594493983204917,0.0430445476906258,74.62573282722254,0.1474609375,0.09442138671875,0.0001530559564509,0.0003720818637527,0.0001924284806619,0.0001621477612022,0.218570631377551,0.0943877551020408
gas_1a22e2c2a978c376,NBI,test,unet,0.6232151431676313,0.4526597892727339,0.0433322673488967,104.16042582930604,0.2971341013908386,0.282318115234375,0.0008944023980162,0.0007393609776404,0.0007990388225941,0.0007223668305287,0.5063974808673469,0.2822066326530612
gas_cdda2b0ae5a96b9f,NBI,test,swin_unet,0.698992976220699,0.5372707167945883,0.0436643835616438,17.313069675367295,0.0708904638886451,0.1151885986328125,0.000401811127629,0.0004492418246015,0.0001617046001337,0.0003236871830849,0.1205357142857142,0.1149752869897959
gas_8809274ac654c27d,NBI,test,swin_unet,0.4396712738139708,0.2817811826669859,0.0437886720609233,33.301651610693426,0.0597895421087741,0.0532379150390625,0.0008805189783833,0.0017319388207557,0.0007809624238046,3.36804509009944e-05,0.0533721301020408,0.0533322704081632
gas_db2d2b3ddee5dd36,NBI,test,unetpp,0.6476063237586284,0.4788593256059009,0.0438536696205407,45.13313095103234,0.1577048748731613,0.2994384765625,0.0006632217781853,0.0014862992115993,0.0009839929644609,0.0001775551614694,0.1484574298469387,0.2990672831632653
gas_b8738c3243a1db79,NBI,test,attention_unet,0.5541768020445238,0.3832949995740693,0.0440576230492196,75.4403279556092,0.2885642647743225,0.210968017578125,0.0004820277209055,0.0007345105941363,0.0004479996959759,0.0001313945227025,0.4364437181122449,0.2108179209183673
gas_8922bbe70906715,NBI,test,unet,0.5047414447844107,0.3375613154152033,0.0441304981066122,108.99311709291696,0.4548588991165161,0.30255126953125,0.0002731848480938,0.0007951817553485,0.0005380514946732,8.70513863731701e-05,0.6167490433673469,0.3016780931122449
gas_e2ae7f2a76e15ef6,NBI,test,unet,0.7795964125560538,0.6388021311776594,0.0441836382464618,36.06175193223623,0.1567283123731613,0.3780517578125,0.0005185232559776,0.0005627936553734,0.0002572921472839,8.64284888386184e-05,0.3332071109693877,0.3778898278061224
gas_3fa615b62bd7d688,NBI,test,unet,0.6424930268346638,0.4732889329743517,0.0448763250883392,27.03328773361279,0.0740792378783226,0.0691375732421875,0.0001615316802335,8.912022349199291e-05,5.886051981095715e-05,2.3289465525791472e-05,0.1381935586734693,0.0690170599489796
gas_2ff8e2db3424fdfb,NBI,test,attention_unet,0.4524361948955916,0.2923538230884557,0.0449623352165725,108.67336379304156,0.2445790767669677,0.1127166748046875,0.00064196959066,0.0016222645275878,0.0005451947340742,0.000362170729318,0.3340840242346938,0.1125837053571428
gas_efd8f104ad0bf30a,NBI,test,attention_unet,0.7116705603403187,0.552397964707156,0.044967074317968,64.04685499202324,0.1647998988628387,0.2441558837890625,0.0010016430804043,0.0008667148295717,0.0004535853538827,0.0002683892988416,0.3269889987244898,0.244579081632653
gas_b964aea372dee549,NBI,test,swin_unet,0.6978230227094754,0.5358895410372366,0.0452536680219197,57.02455465782084,0.1922632306814193,0.2228546142578125,0.0010470250603933,0.0013418855346143,0.000506149900534,0.0003828127498333,0.4132055165816326,0.2230548469387755
gas_8922bbe70906715,NBI,test,swin_unet,0.4866401607455859,0.3215627560100568,0.0453197099538562,115.38608926354328,0.4786351919174194,0.30255126953125,0.0002731848480938,0.0007951817553485,0.0005380514946732,8.70513863731701e-05,0.6306800063775511,0.3016780931122449
gas_af171fc5e861549f,NBI,test,unetpp,0.3572929802437999,0.2175025588536335,0.0453296703296703,35.801520796252255,0.0304727368056774,0.038970947265625,0.0012601052058224,0.0012868321282667,0.0006077271401111,0.0004206174069071,0.0084701849489795,0.0389429209183673
gas_33668,NBI,test,unetpp,0.1953140644816768,0.1082260689451102,0.0455255523320687,138.72398514929955,0.2402542978525161,0.0508270263671875,7.344069133139307e-05,0.0003081264604747,0.0001030169719116,8.49383101343627e-05,0.2479272959183673,0.0506417410714285
gas_b6771af517066173,NBI,test,unet,0.6377783097917166,0.4681898066783831,0.0456038647342995,61.20906482692194,0.150769293308258,0.1726226806640625,0.0021029673705386,0.0018122121157438,0.0006860869223133,0.0018869286062021,0.2439213966836734,0.172313456632653
gas_442c1c72875832df,NBI,test,swin_unet,0.6503912741336073,0.4819109877317095,0.0456165359942979,52.59749684922899,0.2306082546710968,0.4442138671875,0.0015967230882614,0.0009115481305558,0.0005336552801091,0.001032098452099,0.2150829081632653,0.4445352359693877
gas_38f77d5bea557d11,NBI,test,unet,0.5863186835733925,0.4147460087082729,0.0461694571283612,66.57326790837296,0.2009127885103225,0.142547607421875,0.000287256851751,0.0004687686269569,0.0002233051057654,0.00034615003782,0.3429328762755102,0.1427375637755102
gas_28bfaabe0f12f98e,NBI,test,swin_unet,0.5146595424030689,0.3464926440068256,0.0462587934342357,62.93647591023825,0.2824059426784515,0.149749755859375,0.0002666693054249,0.0003878676166359,0.0001586402451064,0.0001841571124728,0.4321388711734694,0.1497329400510204
gas_efd8f104ad0bf30a,NBI,test,unetpp,0.7840163006565543,0.644758890336995,0.046830843762616,43.503993303154445,0.1140784472227096,0.2441558837890625,0.0010016430804043,0.0008667148295717,0.0004535853538827,0.0002683892988416,0.2836017219387755,0.244579081632653
gas_e583301bb1c36711,NBI,test,attention_unet,0.5438256658595642,0.3734619221815763,0.0469240716792905,56.634669549215005,0.2628348171710968,0.235137939453125,0.0013273315762962,0.0016254195359221,0.0006935804381087,0.0002663936956177,0.3411391900510204,0.2350326849489795
gas_fd5d206052172251,NBI,test,swin_unet,0.7348365670337353,0.5808234318872617,0.0469863901490602,24.722451480406352,0.0604671537876129,0.0838165283203125,9.378176541204844e-05,0.0001173380748562,5.118396816016096e-05,3.886275943335883e-05,0.1442522321428571,0.0837850765306122
gas_f2dbf6021790f01e,NBI,test,attention_unet,0.7938812548612911,0.6582115219260533,0.0470416056868074,36.89173349139343,0.1425980478525161,0.4171295166015625,0.0007202215377725,0.0012835853123087,0.0007423738683327,0.0009028539545589,0.2747130102040816,0.4171117665816326
gas_4ccdd89e2c7b35e6,NBI,test,unet,0.6247110197790907,0.4542398206948076,0.0470545321904067,79.4910474016517,0.1747050434350967,0.1522216796875,0.0004589146160563,0.0005984620043063,0.0002256256703531,5.26554413360354e-05,0.3131576849489796,0.1523636798469387
gas_7cb3e4ae6ee1ca7d,NBI,test,attention_unet,0.5007766387076732,0.3340240364691256,0.0473056355409296,42.40518186953145,0.0640545263886451,0.0836334228515625,0.0006812237075678,0.000837906503056,0.0003265205528073,0.0002136587716941,0.0448022959183673,0.0835060586734693
gas_d17953c118aa0ea8,NBI,test,attention_unet,0.843098670736115,0.7287559011385726,0.0474541046068583,32.66801944019486,0.1557318270206451,0.5366668701171875,0.0004630481118412,0.0009674015377122,0.0004428052643352,0.0008080353312879,0.4559351084183674,0.5366111288265306
gas_a1b3c5fce05ae64b,NBI,test,unet,0.6048635140330642,0.4335514984498794,0.0475517890772128,94.77444820003196,0.1638631969690323,0.13946533203125,0.0005617859323609,0.000296525231871,9.86471651287692e-05,9.825740370510128e-05,0.2754703443877551,0.1392299107142857
gas_13be60855a9fb511,NBI,test,attention_unet,0.6494134035652874,0.4808380338436744,0.0477931221229352,60.0,0.3210100531578064,0.3032073974609375,0.0004475720816869,0.0006015164539717,0.0005337808718549,5.318223375406237e-05,0.6124043367346939,0.3032326211734694
gas_c525cc5040683ec3,NBI,test,unetpp,0.7231340763255657,0.5663351671603893,0.0480742966402622,26.248809496813376,0.0816924422979354,0.1115875244140625,0.0003275979669474,0.0005431617889594,0.0002906578177542,0.000138848728464,0.1834741709183673,0.111587213010204
gas_34049,NBI,test,unet,0.4045362220717671,0.2535539995756418,0.0480854853072128,79.08476267098347,0.2804528176784515,0.10382080078125,9.982670842486088e-05,0.0003785524923025,0.0002107886464112,6.316695434172974e-05,0.3674266581632653,0.1035554846938775
gas_ab6e7663b8eccc33,NBI,test,swin_unet,0.7549018088255809,0.6062990165567036,0.0483532934131736,41.72529209005013,0.3151506781578064,0.4918365478515625,0.0003589413345539,0.0005399441812299,0.000469992067294,0.0001765423266596,0.7938257334183674,0.4919882015306122
gas_cb06954170400105,NBI,test,unet,0.7763086001529887,0.6343989998213967,0.0486111111111111,53.19208056731489,0.2447783797979354,0.5226287841796875,0.0003517036818115,0.0015995609513842,0.0015163624947586,0.0009111031461971,0.5714485012755102,0.522819674744898
gas_5f1f9a0a26bb4066,NBI,test,attention_unet,0.7694223698256435,0.6252530120481927,0.0488831337002266,45.37891756180807,0.154974490404129,0.3179473876953125,0.0011412478061972,0.0012705274788677,0.0009037558589444,0.0002008940185022,0.3545519770408163,0.317562181122449
gas_b964aea372dee549,NBI,test,attention_unet,0.6433150447588796,0.4741816014643906,0.0490229688035653,55.219108916637424,0.246173471212387,0.2228546142578125,0.0010470250603933,0.0013418855346143,0.000506149900534,0.0003828127498333,0.4671157525510204,0.2230548469387755
gas_c50f8aa50d4f6823,NBI,test,unetpp,0.8511704453341848,0.7409022877913192,0.0491750760852154,23.345235059857504,0.1207549422979354,0.3668212890625,0.0002253352180205,0.0002366017174803,0.0001884006527228,7.818647043502974e-05,0.4445750956632653,0.3667889030612244
gas_b493971ce67e37d3,NBI,test,attention_unet,0.8475740439486663,0.7354694151915752,0.0492505353319057,39.81205847478876,0.1176458895206451,0.385284423828125,0.0002896979867484,0.0002779623559356,0.0001890518430623,6.282567177233082e-05,0.3863400829081632,0.3854830994897959
gas_ec9139c51753a679,NBI,test,unet,0.9044007142983432,0.825484943356034,0.0492924895039651,17.26267650163207,0.1077606827020645,0.5187835693359375,0.0014286034346739,0.0012379016751757,0.0004619697991477,0.00061077024696,0.6083187181122449,0.5188934948979592
gas_1a22e2c2a978c376,NBI,test,swin_unet,0.6445904077333002,0.4755687221125009,0.0493886743886743,97.01700858402992,0.2857740819454193,0.282318115234375,0.0008944023980162,0.0007393609776404,0.0007990388225941,0.0007223668305287,0.5218630420918368,0.2822066326530612
gas_9708ea8244c635a,NBI,test,attention_unet,0.440426638917794,0.2824020016680567,0.0495849225936728,138.462625107799,0.1714764088392257,0.1358184814453125,0.0006054475736629,0.0006901539255365,0.0004182646493835,0.0003168153046568,0.1706792091836734,0.1357621173469387
gas_1a22e2c2a978c376,NBI,test,attention_unet,0.6175927824482264,0.446751705725304,0.0496613995485327,100.1992656111081,0.2973533272743225,0.282318115234375,0.0008944023980162,0.0007393609776404,0.0007990388225941,0.0007223668305287,0.4953762755102041,0.2822066326530612
gas_13be60855a9fb511,NBI,test,unet,0.6409029184568464,0.4715652230885147,0.0499365884590995,63.969520083830645,0.3214883506298065,0.3032073974609375,0.0004475720816869,0.0006015164539717,0.0005337808718549,5.318223375406237e-05,0.5920360331632653,0.3032326211734694
gas_60d4a79191350e1b,NBI,test,unet,0.835868462987107,0.7180189148830264,0.0499378367177787,12.571665380227804,0.0677415505051612,0.195648193359375,0.0002846045519229,0.0003253469631199,0.0002564750660022,6.734191172946396e-05,0.216796875,0.195930325255102
gas_d87a608e680af548,NBI,test,attention_unet,0.5608647586291611,0.3897234551041311,0.0500357398141529,32.526911934581186,0.1424984037876129,0.13446044921875,0.0007520296776159,0.0011198454763456,0.0008996437071046,0.0002203456426598,0.1900510204081632,0.1344467474489795
gas_3926c0b84f0e8ff1,NBI,test,attention_unet,0.8089881816296911,0.6792444618531575,0.050233644859813,37.09713790923293,0.2937659323215484,0.688568115234375,0.0004747690738491,0.0006606852581895,0.0007863433179508,0.0005059094185551,0.8492904974489796,0.6886559311224489
gas_ee87b6021cef37fd,NBI,test,unetpp,0.63249348392702,0.4625158831003812,0.0503218256290228,40.6521537480145,0.0843032523989677,0.150848388671875,0.0004786901766061,0.000184965514286,0.0001507143526286,4.632680523165833e-05,0.078384088010204,0.151008450255102
gas_a3b11f41a1a994be,NBI,test,unetpp,0.8187524831148192,0.6931252522534643,0.0506017505470459,39.00256241897666,0.2272998988628387,0.626922607421875,0.000286543701094,0.0004508208313087,0.000351704808953,0.0002602250089902,0.6266940369897959,0.6273915816326531
gas_b964aea372dee549,NBI,test,unet,0.6160123511248345,0.4450996015936255,0.050770011846336,64.26079621781189,0.2775829136371612,0.2228546142578125,0.0010470250603933,0.0013418855346143,0.000506149900534,0.0003828127498333,0.4998405612244898,0.2230548469387755
gas_d432ada3aa0c2fcb,NBI,test,attention_unet,0.7882880013588976,0.6505572299712623,0.0509294242103672,38.0,0.1987204998731613,0.4064178466796875,0.0002369213331118,0.0004789816800287,0.00067330110203,0.0001463766438096,0.5319076849489796,0.4067283163265306
gas_d6d6205e5dea247,NBI,test,unetpp,0.6434952330906089,0.4743774211400111,0.0510903426791277,31.3480100480452,0.0946468412876129,0.1190338134765625,0.0006759730461775,0.0008590792923885,0.0003884990765809,9.4269740412101e-05,0.1465043048469387,0.1189811862244897
gas_37268,NBI,test,unet,0.6278059671199513,0.4575198201396284,0.051381932851048,70.0,0.1827367693185806,0.302642822265625,0.0001024224996008,0.0003847150509853,0.0004190793619944,0.0001707918206982,0.1883171237244898,0.3026546556122449
gas_2dfbfd0b28aca611,NBI,test,unet,0.7498475267229481,0.5998048580085247,0.0516342141863699,44.82567452767229,0.1553132981061935,0.3878021240234375,0.0005872911859875,0.0011215208383445,0.0006968317351794,0.0002966460439933,0.2334582270408163,0.3874162946428571
gas_4b5e6c728cc46e85,NBI,test,attention_unet,0.4797726395565068,0.3155926883308715,0.0518490278307281,111.0119360916291,0.2954998314380646,0.1428070068359375,0.0001805639184048,0.0009843457869425,0.0006983171725493,0.0001185072424971,0.4253627232142857,0.1426578443877551
gas_141ccdb36bbd74b1,NBI,test,unetpp,0.7112792122723239,0.5519265453353008,0.0518861107096401,63.0,0.2723214328289032,0.6075897216796875,0.0003566704348746,0.0004955502967959,0.0003325303623565,0.0001354435630304,0.3356385522959184,0.6075613839285714
gas_68bc7cc2559e10f6,NBI,test,swin_unet,0.727872582480091,0.5721695582185655,0.0519145802650957,17.555271923125435,0.0476721934974193,0.1074676513671875,0.0002390975719875,0.0002508964781826,8.891402910882446e-05,0.0001324366900559,0.0676817602040816,0.1075015943877551
gas_9708ea8244c635a,NBI,test,unetpp,0.5366955212645841,0.3667695473251028,0.0519989547948784,127.02460353857514,0.1226682066917419,0.1358184814453125,0.0006054475736629,0.0006901539255365,0.0004182646493835,0.0003168153046568,0.1290058992346938,0.1357621173469387
gas_ee1a49eaf89ca25a,NBI,test,swin_unet,0.3786893979754928,0.2335699263932702,0.0521313364055299,48.0936586256442,0.1162109375,0.0678558349609375,0.0002191597560025,0.0002467016390287,4.8076080958816106e-05,3.628976824999756e-05,0.1190609056122449,0.0679807079081632
gas_18fce0cb4665e57a,NBI,test,attention_unet,0.4514899628741334,0.2915641177968259,0.0521798365122615,123.1665539016173,0.3327288031578064,0.14141845703125,0.0005458851988451,0.0005532808401695,0.0001849426874713,0.0001615793135172,0.4650829081632653,0.1415218431122449
gas_a3b11f41a1a994be,NBI,test,attention_unet,0.8440171270462028,0.7301294394522893,0.0521938283510125,42.0,0.2011120915412902,0.626922607421875,0.000286543701094,0.0004508208313087,0.000351704808953,0.0002602250089902,0.6619300063775511,0.6273915816326531
gas_3ec3f162e30d0bcf,NBI,test,swin_unet,0.71868943576992,0.5609018264840183,0.0521986713065485,46.49139562694396,0.1533203125,0.301422119140625,0.0001900326140943,0.000322581851491,0.0002307664244688,0.0001643885359379,0.2439014668367347,0.3011200573979591
gas_3926c0b84f0e8ff1,NBI,test,unetpp,0.8162627257799672,0.6895640980113636,0.0522093310293754,44.403827935348325,0.2787587642669678,0.688568115234375,0.0004747690738491,0.0006606852581895,0.0007863433179508,0.0005059094185551,0.8285036670918368,0.6886559311224489
gas_3926c0b84f0e8ff1,NBI,test,unet,0.7939339875111507,0.658284023668639,0.0525808671713695,47.42571625766878,0.322265625,0.688568115234375,0.0004747690738491,0.0006606852581895,0.0007863433179508,0.0005059094185551,0.8752391581632653,0.6886559311224489
gas_e583301bb1c36711,NBI,test,unetpp,0.6089481433011614,0.4377609219733051,0.052614590058102,87.94425049143805,0.1905691921710968,0.235137939453125,0.0013273315762962,0.0016254195359221,0.0006935804381087,0.0002663936956177,0.2522919323979591,0.2350326849489795
gas_f11877fecf2b89ef,NBI,test,attention_unet,0.5869754367177565,0.4154035619552861,0.0529710711493354,130.37196716172414,0.1229870840907096,0.099090576171875,0.0003731159122175,0.0004113677554054,0.0001977979112982,0.00019596601789,0.1986607142857142,0.0991111288265306
gas_c3accab14c0953c,NBI,test,attention_unet,0.7767799177667172,0.6350287483414419,0.0541040462427745,25.80697580112788,0.0822305455803871,0.1485595703125,0.000315553502141,0.0003767599039235,0.0001651741345912,0.0003272961057949,0.2199059311224489,0.1484773596938775
gas_af1a47323452e495,NBI,test,attention_unet,0.702493717378697,0.5414183551847438,0.0544383505992281,44.4594155122082,0.1840322017669677,0.2172698974609375,0.0011859619265646,0.0016710271903785,0.0004997644876252,0.0002775495853077,0.4013073979591837,0.2172751913265306
gas_637610748c3ab728,NBI,test,unetpp,0.7296252986933753,0.5743386561011726,0.054604523303761,48.09261786382712,0.2119738459587097,0.43646240234375,0.0006855653902195,0.00089014414263,0.0005011845140316,0.000217163341613,0.3473373724489796,0.4366629464285714
gas_ec9139c51753a679,NBI,test,attention_unet,0.8959519179777267,0.8115153067759703,0.0555043050430504,25.079872407968907,0.1173070818185806,0.5187835693359375,0.0014286034346739,0.0012379016751757,0.0004619697991477,0.00061077024696,0.6085379464285714,0.5188934948979592
gas_ecb03379390103e6,NBI,test,unet,0.7671980614717511,0.6223206157411239,0.055527929719874,36.22223061812153,0.1818997114896774,0.375823974609375,0.0003236857437982,0.0006310337051636,0.0004016572685476,0.0003625121566733,0.4055325255102041,0.3758171237244898
gas_1c3aafccbada72b4,NBI,test,unet,0.6573888705319831,0.4896346053622097,0.0555633902129459,70.95604177552877,0.3513033986091614,0.687164306640625,0.0002430637624546,0.000484715722718,0.0003463700762485,0.0004856461751794,0.3380301339285714,0.6873405612244898
gas_e583301bb1c36711,NBI,test,unet,0.5740790615554957,0.4026023084994753,0.0555751587861679,79.6190779023712,0.2836615145206451,0.235137939453125,0.0013273315762962,0.0016254195359221,0.0006935804381087,0.0002663936956177,0.4309630102040816,0.2350326849489795
gas_1c3aafccbada72b4,NBI,test,attention_unet,0.6259347653142403,0.4555349698934692,0.0557103064066852,61.70413071936855,0.3748405575752258,0.687164306640625,0.0002430637624546,0.000484715722718,0.0003463700762485,0.0004856461751794,0.3147321428571428,0.6873405612244898
gas_adabb41367f870fe,NBI,test,unetpp,0.5773915471329355,0.405868210588293,0.0558995528035775,73.94521298995964,0.2413305193185806,0.166595458984375,0.0013313970514104,0.0019338919716799,0.0002380990050961,0.0001650240438882,0.4038783482142857,0.1671715561224489
gas_10fe196470c953ee,NBI,test,swin_unet,0.8113643542300467,0.6826013986013986,0.0558997465502675,37.0,0.2261439710855484,0.707794189453125,0.0005034970370001,0.0007511238990455,0.0006649231165508,0.000163394979723,0.4905931122448979,0.7082469706632653
gas_82cb03f661811bc,NBI,test,unet,0.4990306762458661,0.3324722686521805,0.0561354674089538,98.31046173169526,0.0875518172979354,0.0435791015625,0.0002249487460022,0.0001893376147899,4.8350091917562506e-05,6.318138193121169e-05,0.1310786033163265,0.0436862244897959
gas_1a22e2c2a978c376,NBI,test,unetpp,0.6421432903515017,0.4729094651804094,0.0563002680965147,100.98360366118764,0.2704679667949676,0.282318115234375,0.0008944023980162,0.0007393609776404,0.0007990388225941,0.0007223668305287,0.4735929528061224,0.2822066326530612
gas_c7ea215fabf2f37a,NBI,test,attention_unet,0.4685620056799096,0.3059621136590229,0.0564672438299521,68.60029154456998,0.3468391299247741,0.2139129638671875,0.0001770162222877,0.0005867816707928,0.0006868275496749,0.0001566467501115,0.4386758609693877,0.2139668367346938
gas_9708ea8244c635a,NBI,test,swin_unet,0.5935424069210566,0.42201230228471,0.0573248407643312,92.46566800979862,0.104870855808258,0.1358184814453125,0.0006054475736629,0.0006901539255365,0.0004182646493835,0.0003168153046568,0.1222496811224489,0.1357621173469387
gas_6083f65fa279a93b,NBI,test,attention_unet,0.2555293107150526,0.1464795667159035,0.057350032959789,73.87684853382125,0.2072903364896774,0.2416229248046875,0.0010817941618716,0.0013015599797391,0.0004517295943311,0.0002449129049919,0.0368303571428571,0.2416095344387755
gas_95b8d460a2d45039,NBI,test,unet,0.8268033825838551,0.7047440900441836,0.0575791315412756,42.44820352272179,0.1824577450752258,0.48095703125,0.0010485272405975,0.0013924322704062,0.0010528267097117,0.0004708647451917,0.5726442920918368,0.4808274872448979
gas_2acd4e36da4c7150,NBI,test,unetpp,0.2686170933224976,0.1551459774071408,0.0576765525151564,143.83739691723213,0.5380859375,0.119140625,0.0006262454799288,0.0014432095179634,0.0005272401365089,0.0003882097070419,0.6163504464285714,0.1193598533163265
gas_d87a608e680af548,NBI,test,unet,0.5916070677324359,0.4200582480770667,0.0577081615828524,40.60788100849391,0.1547751873731613,0.13446044921875,0.0007520296776159,0.0011198454763456,0.0008996437071046,0.0002203456426598,0.2445392219387755,0.1344467474489795
gas_3a93aaf3b1a7fdc0,NBI,test,swin_unet,0.5595744680851064,0.3884785819793205,0.0578571428571428,44.10895303743314,0.0742586106061935,0.0639495849609375,0.0003889183073051,0.0006295424676574,0.0003105489557795,0.0001856517111489,0.1045320471938775,0.0640744579081632
gas_c76443e2959241,NBI,test,swin_unet,0.6490698676924097,0.4804614629356897,0.0579996054448609,50.15974481593781,0.2109175771474838,0.196319580078125,0.0012496543105764,0.0015919085301226,0.0010494770499524,0.0008656024480928,0.4047751913265306,0.1962492028061224
gas_626851a49ebb336f,NBI,test,attention_unet,0.7306973690854921,0.5756683640992998,0.0581420765027322,43.93176527297759,0.1062858700752258,0.153167724609375,0.0017068455565485,0.0017508939677272,0.000466556136797,0.0009772472022084,0.2416095344387755,0.1530612244897959
gas_ba495a4f4515a679,NBI,test,attention_unet,0.7767313019390581,0.634963768115942,0.0585106382978723,18.24777329356253,0.0481903702020645,0.08477783203125,0.0003643552319565,0.0004255249471805,0.0001113244339581,8.958099740466311e-06,0.1309191645408163,0.0849210778061224
gas_ad8ff034c42ee285,NBI,test,unet,0.7283378854451174,0.5727448172819524,0.0587581387962521,75.88575949107624,0.2735570669174194,0.36651611328125,0.0001942475675632,0.0003025400334605,0.0002349517833952,0.000145786454956,0.640266262755102,0.3667091836734694
gas_38b7b03e6f779fcd,NBI,test,unetpp,0.4839670066865147,0.3192325027364625,0.0588030619345859,86.66716181920104,0.2107182741165161,0.1149139404296875,0.0008188417099433,0.0006433996006641,0.0002677790274685,0.0001677091237594,0.2936463647959184,0.114696269132653
gas_4c45177c57b20f13,NBI,test,swin_unet,0.7933764660698986,0.6575178121097862,0.0591537724222922,48.90193174529185,0.2787787020206451,0.5352630615234375,0.0010206533775983,0.0009534360489486,0.0005201732943668,0.0002125328649721,0.8139748086734694,0.5352359693877551
gas_bdc5a4b345696705,NBI,test,unet,0.7422616803208446,0.5901558922925978,0.0593406593406593,34.118886698576816,0.1498525142669677,0.2405548095703125,0.000317727496606,0.0004236294414696,0.0002345573429935,0.0001949338781122,0.3412587691326531,0.2401546556122449
gas_b964aea372dee549,NBI,test,unetpp,0.6739038658705747,0.508186283427324,0.0594953972042277,46.0,0.215521365404129,0.2228546142578125,0.0010470250603933,0.0013418855346143,0.000506149900534,0.0003828127498333,0.4378587372448979,0.2230548469387755
gas_fb1eff37ac372a6b,NBI,test,unet,0.8113374988680612,0.6825633837152608,0.0599545798637395,47.46154487943009,0.2076092213392257,0.4565887451171875,0.0002189451600955,0.0005933282941044,0.000377099696051,9.215911742304151e-05,0.6444316007653061,0.4559948979591837
gas_db2d2b3ddee5dd36,NBI,test,attention_unet,0.6755047751951506,0.5100092190175162,0.0600729457198026,33.0,0.1482979953289032,0.2994384765625,0.0006632217781853,0.0014862992115993,0.0009839929644609,0.0001775551614694,0.1579440369897959,0.2990672831632653
gas_c525cc5040683ec3,NBI,test,attention_unet,0.6272189349112426,0.4568965517241379,0.0601756198347107,38.03615408663451,0.1305803507566452,0.1115875244140625,0.0003275979669474,0.0005431617889594,0.0002906578177542,0.000138848728464,0.2386997767857142,0.111587213010204
gas_7a34685bb33d23f5,NBI,test,attention_unet,0.324582338902148,0.1937321937321937,0.0602978568833999,41.6335022928717,0.073321908712387,0.0651092529296875,0.0002490529086474,0.0002844911375302,0.0002945257646414,0.0001993668957452,0.0435666454081632,0.0649912308673469
gas_4b5e6c728cc46e85,NBI,test,unet,0.3214186111369341,0.1914822916955113,0.0603973085549503,122.09013064126027,0.5819116830825806,0.1428070068359375,0.0001805639184048,0.0009843457869425,0.0006983171725493,0.0001185072424971,0.7148836096938775,0.1426578443877551
gas_d87a608e680af548,NBI,test,unetpp,0.5589034478594288,0.3878320623481103,0.0604123711340206,49.01836288703285,0.145587533712387,0.13446044921875,0.0007520296776159,0.0011198454763456,0.0008996437071046,0.0002203456426598,0.1956114477040816,0.1344467474489795
gas_a4ecd4800b5973d3,NBI,test,unetpp,0.7336473998912847,0.5793389612247818,0.0604819277108433,38.63288700218962,0.1171875,0.2780609130859375,0.0010560680704001,0.0011740026869472,0.0006695064230739,0.0005100473927537,0.1614317602040816,0.2785395408163265
gas_4b32948d8cfca917,NBI,test,unet,0.871985107279225,0.7730262365384152,0.0605083215069023,43.01162162501544,0.1877590864896774,0.6395263671875,0.0008374259939782,0.0008696600090064,0.0005039774320803,0.0001528361497454,0.8271085778061225,0.6395886479591837
gas_ad8ff034c42ee285,NBI,test,attention_unet,0.7329363261566652,0.5784526391901663,0.0610035077016928,80.95060222135473,0.2672393321990967,0.36651611328125,0.0001942475675632,0.0003025400334605,0.0002349517833952,0.000145786454956,0.6339485012755102,0.3667091836734694
gas_4d151a64d910d80,NBI,test,attention_unet,0.648219762635018,0.4795304330669823,0.0610526315789473,58.0,0.3154496252536773,0.3000030517578125,0.0004021203719211,0.0006577132557418,0.0004493329339455,0.0001677228853222,0.5967195471938775,0.3000039859693877
gas_8b58a74094ccf95d,NBI,test,attention_unet,0.6025661333755742,0.4311947404216731,0.0613008890968647,20.787833306414612,0.0500039868056774,0.0879058837890625,0.0006969358529276,0.0006912527824026,0.0001105975090196,0.0001334714188217,0.037906568877551,0.0879105548469387
gas_efd8f104ad0bf30a,NBI,test,unet,0.7697648616728106,0.6257054750683656,0.0615164520743919,34.00147027033899,0.1282087117433548,0.2441558837890625,0.0010016430804043,0.0008667148295717,0.0004535853538827,0.0002683892988416,0.3122807716836734,0.244579081632653
gas_34016,NBI,test,attention_unet,0.59359857179291,0.4220690905793816,0.0615603413246647,50.91463395556481,0.3810985386371612,0.5969390869140625,4.037960570228595e-05,0.0005342969988416,0.0005152333227471,0.0004548369337137,0.339664381377551,0.5980747767857143
gas_48c44f4367c1bd8f,NBI,test,unetpp,0.6547133306514952,0.486671982684969,0.0615619435258204,72.456193041096,0.3592354953289032,0.3529815673828125,0.0003067004489958,0.0008847372753506,0.000865625826542,0.0003455129618203,0.6868024553571429,0.3535953443877551
gas_4d151a64d910d80,NBI,test,unet,0.6262743082326737,0.4558947335599139,0.0617225633758463,62.24146527838174,0.3477758169174194,0.3000030517578125,0.0004021203719211,0.0006577132557418,0.0004493329339455,0.0001677228853222,0.6305604272959183,0.3000039859693877
gas_1606d053093ecd75,NBI,test,attention_unet,0.5572290634352156,0.386221436343852,0.0617671691792294,55.70775553766768,0.1798668652772903,0.293182373046875,0.0010117759644944,0.000983130162723,0.0002709279454354,0.0002547360182174,0.1132015306122449,0.2930285395408163
gas_4c45177c57b20f13,NBI,test,attention_unet,0.7800435729847495,0.6394028144867491,0.0619094977623073,50.48414814944705,0.3018175959587097,0.5352630615234375,0.0010206533775983,0.0009534360489486,0.0005201732943668,0.0002125328649721,0.8369339923469388,0.5352359693877551
gas_61433da4513edc30,NBI,test,unetpp,0.6398124650522603,0.4703854789235683,0.0619160333873178,71.05631429987139,0.3337850868701935,0.628570556640625,0.0001345306489978,0.0003719795459324,0.0004042630060927,0.0001848306940031,0.2966358418367347,0.6300621811224489
gas_a3b11f41a1a994be,NBI,test,swin_unet,0.8620599659179883,0.7575618574782116,0.0619584055459272,25.791233411588145,0.1790696680545807,0.626922607421875,0.000286543701094,0.0004508208313087,0.000351704808953,0.0002602250089902,0.6707788584183674,0.6273915816326531
gas_f2dbf6021790f01e,NBI,test,unet,0.8114482875646936,0.6827202208156855,0.0619957537154989,38.87800317765597,0.1328722834587097,0.4171295166015625,0.0007202215377725,0.0012835853123087,0.0007423738683327,0.0009028539545589,0.2875876913265306,0.4171117665816326
gas_4b5e6c728cc46e85,NBI,test,unetpp,0.3600250234594933,0.2195308029753957,0.0622914349276974,116.5589824652958,0.4893175959587097,0.1428070068359375,0.0001805639184048,0.0009843457869425,0.0006983171725493,0.0001185072424971,0.6219308035714286,0.1426578443877551
gas_4c45177c57b20f13,NBI,test,unet,0.7667447039342203,0.6217242337253449,0.0623325341982795,51.40038910358559,0.3256537020206451,0.5352630615234375,0.0010206533775983,0.0009534360489486,0.0005201732943668,0.0002125328649721,0.8608896683673469,0.5352359693877551
gas_179de4a38769a755,NBI,test,attention_unet,0.7547873775060685,0.606151402476445,0.062431199874194,51.20672923053508,0.2174346297979354,0.359039306640625,0.0011029196798035,0.0016560329205848,0.0006178995688885,0.0003564009978073,0.5275430484693877,0.3591757015306122
gas_3dbbbf20cbac2b67,NBI,test,attention_unet,0.5544965411222137,0.3836009784111454,0.0627465041233417,54.56189146281496,0.1155133917927742,0.0754241943359375,0.0008171371725217,0.0009744544113404,0.0003137626663887,0.0001528264063745,0.1841119260204081,0.0751753826530612
gas_c3accab14c0953c,NBI,test,unetpp,0.7972957355830348,0.6629191890073989,0.0629147863020971,27.31300056749533,0.0699139013886451,0.1485595703125,0.000315553502141,0.0003767599039235,0.0001651741345912,0.0003272961057949,0.1964285714285714,0.1484773596938775
gas_872946e39faa6a36,NBI,test,attention_unet,0.1269087207329487,0.0677536231884058,0.0629316960859554,135.48984537213414,0.3076769709587097,0.1016387939453125,0.0009113858411833,0.0010873513535213,0.0003248774000397,0.0001911646436216,0.2506975446428571,0.1017020089285714
gas_c18cbf1cddf4cd16,NBI,test,unetpp,0.5473066733947268,0.3767530719465068,0.0629687772544915,56.24765639491614,0.2860730290412903,0.45660400390625,0.0001311483012391,0.0002104332578345,0.0002090677387312,6.957405185239345e-05,0.1751833545918367,0.4567522321428571
gas_5f1f9a0a26bb4066,NBI,test,unetpp,0.7744707154999227,0.631947947140119,0.0629998367879876,32.838932527405575,0.1454280912876129,0.3179473876953125,0.0011412478061972,0.0012705274788677,0.0009037558589444,0.0002008940185022,0.3272680165816326,0.317562181122449
gas_c525cc5040683ec3,NBI,test,unet,0.7020334762761101,0.5408717894063733,0.0632247377139701,26.92582403567252,0.0858577787876129,0.1115875244140625,0.0003275979669474,0.0005431617889594,0.0002906578177542,0.000138848728464,0.1765585140306122,0.111587213010204
gas_c50f8aa50d4f6823,NBI,test,swin_unet,0.828584972742356,0.7073368135648092,0.0632282385195339,29.0,0.1441326588392257,0.3668212890625,0.0002253352180205,0.0002366017174803,0.0001884006527228,7.818647043502974e-05,0.4740513392857143,0.3667889030612244
gas_a4ecd4800b5973d3,NBI,test,attention_unet,0.7970620701367072,0.6625961742076657,0.0633393017009847,31.827660925679098,0.0952646657824516,0.2780609130859375,0.0010560680704001,0.0011740026869472,0.0006695064230739,0.0005100473927537,0.1908880739795918,0.2785395408163265
gas_d432ada3aa0c2fcb,NBI,test,unet,0.8011438007209166,0.6682567944367924,0.0634385534783941,38.86835442770723,0.1968072354793548,0.4064178466796875,0.0002369213331118,0.0004789816800287,0.00067330110203,0.0001463766438096,0.5829679528061225,0.4067283163265306
gas_ab6e7663b8eccc33,NBI,test,unet,0.7769290379718808,0.6352280955829109,0.0636132315521628,39.698866482558415,0.2811104953289032,0.4918365478515625,0.0003589413345539,0.0005399441812299,0.000469992067294,0.0001765423266596,0.768195950255102,0.4919882015306122
gas_d5bfa909e34b6744,NBI,test,attention_unet,0.7401090451558786,0.5874389702618731,0.0636862083509067,17.0,0.0370495840907096,0.0588836669921875,0.0002334801958749,0.0003567598344825,0.0001049119446436,5.4629162856890674e-05,0.0838448660714285,0.0587133290816326
gas_adabb41367f870fe,NBI,test,unet,0.6380092222095195,0.4684387241186346,0.0639791415964701,49.98899779911956,0.1893136203289032,0.166595458984375,0.0013313970514104,0.0019338919716799,0.0002380990050961,0.0001650240438882,0.3558075573979591,0.1671715561224489
gas_c7ea215fabf2f37a,NBI,test,unet,0.4774761972431434,0.3136083628896771,0.0639892904953145,82.09750300709517,0.3664102256298065,0.2139129638671875,0.0001770162222877,0.0005867816707928,0.0006868275496749,0.0001566467501115,0.4872648278061224,0.2139668367346938
gas_f11877fecf2b89ef,NBI,test,unet,0.7160553410553411,0.5576995363989475,0.0643579528041679,26.0,0.0703523606061935,0.099090576171875,0.0003731159122175,0.0004113677554054,0.0001977979112982,0.00019596601789,0.1486567283163265,0.0991111288265306
gas_3fa615b62bd7d688,NBI,test,attention_unet,0.6740726046419361,0.5083782166367444,0.06480117820324,32.26917695665763,0.0654894784092903,0.0691375732421875,0.0001615316802335,8.912022349199291e-05,5.886051981095715e-05,2.3289465525791472e-05,0.1319156568877551,0.0690170599489796
gas_fb1eff37ac372a6b,NBI,test,unetpp,0.8144556433306093,0.6869887564719218,0.065155807365439,48.03591149105012,0.2036232501268386,0.4565887451171875,0.0002189451600955,0.0005933282941044,0.000377099696051,9.215911742304151e-05,0.6414421237244898,0.4559948979591837
gas_28bfaabe0f12f98e,NBI,test,unetpp,0.6463629715662236,0.4775009533494343,0.0654312514298787,41.77080155400626,0.1638432741165161,0.149749755859375,0.0002666693054249,0.0003878676166359,0.0001586402451064,0.0001841571124728,0.3135762117346938,0.1497329400510204
gas_e2ae7f2a76e15ef6,NBI,test,attention_unet,0.8162507962003932,0.6895470709339322,0.0655302501047925,34.66987164671943,0.1322345286607742,0.3780517578125,0.0005185232559776,0.0005627936553734,0.0002572921472839,8.64284888386184e-05,0.3417570153061224,0.3778898278061224
gas_8c676604309f635a,NBI,test,unetpp,0.7524769461719922,0.6031767860826515,0.0655677205068274,62.60590708034005,0.3450454473495483,0.86907958984375,0.0002808987565589,0.0005603921351955,0.0005072390119216,0.0006308538671966,0.5244738520408163,0.8695192920918368
gas_cdda2b0ae5a96b9f,NBI,test,attention_unet,0.8024756585402671,0.6701121895877978,0.0659139456820262,13.92838827718412,0.0521564111113548,0.1151885986328125,0.000401811127629,0.0004492418246015,0.0001617046001337,0.0003236871830849,0.1490752551020408,0.1149752869897959
gas_2c20688b4848b320,NBI,test,swin_unet,0.6060606060606061,0.4347826086956521,0.0663650075414781,29.959820624195544,0.0580357126891613,0.0446014404296875,0.0006727128491855,0.0011670750570932,0.0002246768566459,4.626682670164778e-05,0.1026785714285714,0.0446428571428571
gas_4b32948d8cfca917,NBI,test,unetpp,0.8683533331527481,0.767336094023027,0.066621803499327,51.00980015517485,0.1937181055545807,0.6395263671875,0.0008374259939782,0.0008696600090064,0.0005039774320803,0.0001528361497454,0.8319116709183674,0.6395886479591837
gas_9b7f1979c0e96002,NBI,test,unet,0.7857889237199582,0.6471600688468159,0.0666236489756412,68.45100958027167,0.1470822691917419,0.3735198974609375,0.0006291988013654,0.0012740654195206,0.0017057724004389,0.000264819280632,0.3136360012755102,0.3729870854591837
gas_28f58204ff178fa7,NBI,test,swin_unet,0.6933567114747711,0.5306396302370657,0.0667096358362874,36.86866257049739,0.1882174760103225,0.23455810546875,0.00042027478376,0.0010135822906809,0.0004512590902215,0.0001615145261523,0.3793845663265306,0.2344148596938775
gas_1c3aafccbada72b4,NBI,test,unetpp,0.5539506509297499,0.38307866276204,0.0667206477732793,64.42825186669064,0.4240473508834839,0.687164306640625,0.0002430637624546,0.000484715722718,0.0003463700762485,0.0004856461751794,0.2633330676020408,0.6873405612244898
gas_3dbbbf20cbac2b67,NBI,test,unet,0.3347683668694431,0.2010341145394256,0.0667943500119703,81.32834331007058,0.2833226919174194,0.0754241943359375,0.0008171371725217,0.0009744544113404,0.0003137626663887,0.0001528264063745,0.3507254464285714,0.0751753826530612
gas_dbdcaaa38b9d4c82,NBI,test,unetpp,0.818742944272582,0.693111579992553,0.0667944155488639,36.0,0.2463926970958709,0.795654296875,0.0003001187198014,0.0003714407624661,0.0003370194326484,7.793595709624119e-05,0.5636360012755102,0.7957190688775511
gas_6d5d588e72986568,NBI,test,unet,0.6456307634401857,0.4767021769337656,0.0667954733646149,54.56189146281496,0.1125837042927742,0.2149200439453125,0.0007019983910243,0.0008906612963383,0.0002961640949633,0.0003542221373064,0.1025589923469387,0.2151426977040816
gas_4d151a64d910d80,NBI,test,swin_unet,0.6473395875949307,0.4785677038067095,0.0668470475887315,56.00669589482133,0.2989277839660644,0.3000030517578125,0.0004021203719211,0.0006577132557418,0.0004493329339455,0.0001677228853222,0.5476323341836735,0.3000039859693877
gas_c173088f8c9bbfc8,NBI,test,unetpp,0.8437146817357928,0.7296768958394807,0.0669077757685352,36.71502887926192,0.1460658460855484,0.40203857421875,0.0004222320175866,0.0005874259445285,0.0003605863680175,0.0001101118962914,0.5325255102040817,0.4020846619897959
gas_18fce0cb4665e57a,NBI,test,unet,0.4942096120440069,0.328206114208806,0.0672963400236127,109.14687891697952,0.2785395383834839,0.14141845703125,0.0005458851988451,0.0005532808401695,0.0001849426874713,0.0001615793135172,0.4091796875,0.1415218431122449
gas_8922bbe70906715,NBI,test,unetpp,0.5365501422928259,0.3666337725663203,0.06745857163807,104.918765080167,0.4349091053009033,0.30255126953125,0.0002731848480938,0.0007951817553485,0.0005380514946732,8.70513863731701e-05,0.6367386798469388,0.3016780931122449
gas_bfb49f79c5613aaf,NBI,test,unet,0.8243609022556391,0.7012023535431057,0.0674777196208799,47.83042257570269,0.2327806055545807,0.5559844970703125,0.0008957839771677,0.0011755875358926,0.0011805178812929,0.00090129156766,0.7696109693877551,0.5557238520408163
gas_6083f65fa279a93b,NBI,test,swin_unet,0.5278982708419989,0.3586017599095826,0.0677343134681018,53.645102283011006,0.1583426296710968,0.2416229248046875,0.0010817941618716,0.0013015599797391,0.0004517295943311,0.0002449129049919,0.0937898596938775,0.2416095344387755
gas_c50f8aa50d4f6823,NBI,test,unet,0.8436424876699146,0.7295689081225033,0.0677908363140861,25.059928172283332,0.1295240819454193,0.3668212890625,0.0002253352180205,0.0002366017174803,0.0001884006527228,7.818647043502974e-05,0.4615951849489796,0.3667889030612244
gas_bd8006f9c2389380,NBI,test,unet,0.7836763412489006,0.6442991843581882,0.0679650238473768,29.154759474226505,0.1225486323237419,0.25140380859375,0.0007322476090714,0.0010900372577918,0.0003938898151732,0.0005306097328676,0.3148716517857143,0.2516342474489796
gas_2b714b06a60e137e,NBI,test,swin_unet,0.5073450491004918,0.3398943934060273,0.0686312029595611,79.31645206102051,0.6129025816917419,0.320220947265625,0.0008345980618861,0.0016454959784068,0.0009002840281047,0.000320421603852,0.923569036989796,0.3205117984693877
gas_2ff8e2db3424fdfb,NBI,test,unet,0.393475073313783,0.2449231050061607,0.0689361702127659,105.54619841567008,0.3297592401504516,0.1127166748046875,0.00064196959066,0.0016222645275878,0.0005451947340742,0.000362170729318,0.4311025191326531,0.1125837053571428
gas_b493971ce67e37d3,NBI,test,unetpp,0.8643327280980481,0.7610791906070448,0.0689851767388825,25.02097486029916,0.0953045263886451,0.385284423828125,0.0002896979867484,0.0002779623559356,0.0001890518430623,6.282567177233082e-05,0.3170041454081632,0.3854830994897959
gas_cb06954170400105,NBI,test,swin_unet,0.8374858086489834,0.7204091054369829,0.0691960554905565,25.942243542145693,0.1569076776504516,0.5226287841796875,0.0003517036818115,0.0015995609513842,0.0015163624947586,0.0009111031461971,0.4426817602040816,0.522819674744898
gas_c7ea215fabf2f37a,NBI,test,unetpp,0.6116498129934894,0.4405587428286355,0.0696945967110415,46.51558777827461,0.2234933078289032,0.2139129638671875,0.0001770162222877,0.0005867816707928,0.0006868275496749,0.0001566467501115,0.3615274234693877,0.2139668367346938
gas_bfb49f79c5613aaf,NBI,test,swin_unet,0.8422819807011707,0.7275363833511875,0.0698816055443257,49.04079934095692,0.2078284472227096,0.5559844970703125,0.0008957839771677,0.0011755875358926,0.0011805178812929,0.00090129156766,0.7619977678571429,0.5557238520408163
gas_37fd36f75f352244,NBI,test,unet,0.5477953840854288,0.377216390915021,0.0699554069119286,89.0,0.4186065196990967,0.2541656494140625,0.0004190459137474,0.0009262285934272,0.0003888891801927,0.0005853280964114,0.6721540178571429,0.253547512755102
gas_4ccdd89e2c7b35e6,NBI,test,unetpp,0.6188247095210232,0.4480421231011317,0.0700062879899392,61.84658438426491,0.1817602068185806,0.1522216796875,0.0004589146160563,0.0005984620043063,0.0002256256703531,5.26554413360354e-05,0.3244778380102041,0.1523636798469387
gas_37268,NBI,test,attention_unet,0.6319520634652713,0.461937075879087,0.0701122643507731,56.082074063184464,0.173828125,0.302642822265625,0.0001024224996008,0.0003847150509853,0.0004190793619944,0.0001707918206982,0.1696428571428571,0.3026546556122449
gas_2e27cf02f9609578,NBI,test,unetpp,0.7842631939684716,0.645092909976547,0.0703632887189292,43.47636874394446,0.1568279713392257,0.3099822998046875,0.0001868788279465,0.0004721402680891,0.0004444831007245,7.66253025541505e-05,0.4164540816326531,0.3104870854591837
gas_ecb03379390103e6,NBI,test,unetpp,0.7596236969234681,0.6124139061987537,0.0703788373612018,49.01020301937138,0.1884167790412902,0.375823974609375,0.0003236857437982,0.0006310337051636,0.0004016572685476,0.0003625121566733,0.408023756377551,0.3758171237244898
gas_bd8006f9c2389380,NBI,test,attention_unet,0.7406544457769402,0.5881264624258584,0.0709939148073022,32.202484376209235,0.1508490145206451,0.25140380859375,0.0007322476090714,0.0010900372577918,0.0003938898151732,0.0005306097328676,0.3300183354591837,0.2516342474489796
gas_ad8ff034c42ee285,NBI,test,unetpp,0.7396687570348931,0.5868844092880837,0.0711943793911007,75.88575949107624,0.2581313848495483,0.36651611328125,0.0001942475675632,0.0003025400334605,0.0002349517833952,0.000145786454956,0.6248405612244898,0.3667091836734694
gas_626851a49ebb336f,NBI,test,unetpp,0.755995108204392,0.6077107197811592,0.0713660245183887,38.51490279579624,0.0914580672979354,0.153167724609375,0.0017068455565485,0.0017508939677272,0.000466556136797,0.0009772472022084,0.2217594068877551,0.1530612244897959
gas_141ccdb36bbd74b1,NBI,test,attention_unet,0.7870377733598409,0.648855962761424,0.0714285714285714,50.10388427956579,0.2134885191917419,0.6075897216796875,0.0003566704348746,0.0004955502967959,0.0003325303623565,0.0001354435630304,0.3949099170918367,0.6075613839285714
gas_2b714b06a60e137e,NBI,test,attention_unet,0.539260011853357,0.3691690624130576,0.0715940685820203,77.00649323271382,0.5422711968421936,0.320220947265625,0.0008345980618861,0.0016454959784068,0.0009002840281047,0.000320421603852,0.8564453125,0.3205117984693877
gas_179de4a38769a755,NBI,test,unet,0.76888748647674,0.6245468858701622,0.0716108452950558,50.77554963681983,0.2043606489896774,0.359039306640625,0.0011029196798035,0.0016560329205848,0.0006178995688885,0.0003564009978073,0.5250717474489796,0.3591757015306122
gas_6281db552a6bc5c8,NBI,test,unet,0.4497332786212556,0.2901005823186871,0.0716694772344013,43.91776097669789,0.0534518510103225,0.07476806640625,0.0003601587561214,0.0007132026105827,0.0007117861332154,0.0005858283674648,0.0222018494897959,0.0749362244897959
gas_c18cbf1cddf4cd16,NBI,test,unet,0.7483041953566949,0.5978323108384458,0.0717863105175292,49.38112587559488,0.1959701776504516,0.45660400390625,0.0001311483012391,0.0002104332578345,0.0002090677387312,6.957405185239345e-05,0.3218470982142857,0.4567522321428571
gas_2b714b06a60e137e,NBI,test,unet,0.5154239777881806,0.3471859777313848,0.0719029374201788,82.0,0.5982740521430969,0.320220947265625,0.0008345980618861,0.0016454959784068,0.0009002840281047,0.000320421603852,0.9141222895408164,0.3205117984693877
gas_af1a47323452e495,NBI,test,unetpp,0.7064122087937011,0.5460875663761147,0.0725773195876288,46.09772228646444,0.1805843412876129,0.2172698974609375,0.0011859619265646,0.0016710271903785,0.0004997644876252,0.0002775495853077,0.3978196747448979,0.2172751913265306
gas_c42cee0768d0d296,NBI,test,attention_unet,0.6644299805408307,0.4974879421221865,0.0726315789473684,67.22536283200206,0.1993383318185806,0.2953643798828125,0.0002877830144427,0.0004217580769467,0.0001788202201397,4.776994911427884e-06,0.298469387755102,0.2955596301020408
gas_29ad4e9ac27b7f6c,NBI,test,attention_unet,0.7288377445339471,0.5733632676709154,0.0728501004199379,34.15181813958807,0.1174067258834838,0.1855926513671875,0.0004045598159547,0.0004770900473418,0.0002826410637205,2.2898424737978712e-05,0.2472098214285714,0.1857661033163265
gas_53709e1f40fe370,NBI,test,swin_unet,0.7838925676552965,0.6445915441400769,0.0728714649109681,45.40263904181026,0.2322026491165161,0.5782623291015625,0.0006007755924149,0.0006232522741728,0.0003904241540323,8.714602485311931e-05,0.4960140306122449,0.5784638073979592
gas_9e553e2c66f297f6,NBI,test,attention_unet,0.6046875,0.4333706606942889,0.0728824688115561,121.59358535712316,0.1411830335855484,0.1080322265625,0.0001488806882075,0.0003249772149926,0.0001123894447196,5.473716458732496e-05,0.2490832270408163,0.1080596301020408
gas_d17953c118aa0ea8,NBI,test,unetpp,0.7530609070506411,0.6039275785872122,0.0728825881497637,54.51787512710665,0.2214803844690323,0.5366668701171875,0.0004630481118412,0.0009674015377122,0.0004428052643352,0.0008080353312879,0.3602917729591837,0.5366111288265306
gas_7cb3e4ae6ee1ca7d,NBI,test,swin_unet,0.5662292646694727,0.394923156622345,0.0729954614220877,33.13966376975138,0.069834180176258,0.0836334228515625,0.0006812237075678,0.000837906503056,0.0003265205528073,0.0002136587716941,0.0774872448979591,0.0835060586734693
gas_1a3b3590a2e4b7dc,NBI,test,swin_unet,0.761555603479261,0.614929185047597,0.0730994152046783,23.310903715604912,0.066107302904129,0.1693572998046875,0.0008930904991821,0.0006600069774615,0.0001191156732377,8.9601767167617e-05,0.1079201211734693,0.1693239795918367
gas_adabb41367f870fe,NBI,test,swin_unet,0.6819365337672905,0.5173776159022162,0.0731148292459317,47.74717164095316,0.1558115482330322,0.166595458984375,0.0013313970514104,0.0019338919716799,0.0002380990050961,0.0001650240438882,0.3227040816326531,0.1671715561224489
gas_69f556049ee04be2,NBI,test,attention_unet,0.6498556304138595,0.4813230681494154,0.0731266927475173,28.451644579860744,0.0725047811865806,0.103851318359375,0.0001521958074269,0.0002837872176217,0.0001554878824018,9.27013050051812e-05,0.1032565369897959,0.1038145727040816
gas_1cdd8d6c9e7e29dc,NBI,test,attention_unet,0.6494564752204057,0.4808852608629518,0.0733264064123497,79.77967000694362,0.4081034660339355,0.379913330078125,0.0001318766872877,0.0002067699018556,0.0001649370990614,0.0001037458472303,0.7842195471938775,0.3799824617346938
gas_4ccdd89e2c7b35e6,NBI,test,attention_unet,0.5729674477119044,0.4015097250537219,0.0733989353121471,83.951473988447,0.2164779901504516,0.1522216796875,0.0004589146160563,0.0005984620043063,0.0002256256703531,5.26554413360354e-05,0.3545719068877551,0.1523636798469387
gas_872946e39faa6a36,NBI,test,unet,0.3080050031269543,0.1820365921271484,0.0736754966887417,137.74432231251845,0.1764190047979354,0.1016387939453125,0.0009113858411833,0.0010873513535213,0.0003248774000397,0.0001911646436216,0.1532405931122449,0.1017020089285714
gas_90ba1cff2d35a071,NBI,test,swin_unet,0.6683871961788838,0.5019380966155627,0.0737856118056978,69.41865666929033,0.171576052904129,0.3334503173828125,0.0005195567028687,0.0012585987458772,0.0010289631910763,0.0003257240084641,0.1838129783163265,0.3335857780612244
gas_7a34685bb33d23f5,NBI,test,unetpp,0.0905257239246556,0.0474087161366313,0.0738052026618269,55.54412629048546,0.0644730553030967,0.0651092529296875,0.0002490529086474,0.0002844911375302,0.0002945257646414,0.0001993668957452,0.0058992346938775,0.0649912308673469
gas_34051,NBI,test,unet,0.4491239097980671,0.2895936771709393,0.0743620077742099,89.03638500033237,0.2794563174247741,0.191162109375,6.703399311957955e-05,0.0002640112880253,0.0002104622837312,5.797877723162637e-05,0.3173030931122449,0.1899912308673469
gas_9095fa0a7544fd2,NBI,test,attention_unet,0.8329621380846325,0.7137404580152672,0.074417498811222,18.0,0.0717474520206451,0.2423248291015625,0.0009685315577578,0.0007923292365878,0.0002379509791521,0.0001845081992666,0.1873405612244898,0.2421875
gas_c525cc5040683ec3,NBI,test,swin_unet,0.6419339949226863,0.4726824708981222,0.0744319665709062,38.9164878389476,0.1236846297979354,0.1115875244140625,0.0003275979669474,0.0005431617889594,0.0002906578177542,0.000138848728464,0.233836894132653,0.111587213010204
gas_58e351d1fd73e299,NBI,test,swin_unet,0.6762667432757569,0.5108784113721447,0.0751580849141824,59.102869068582784,0.1796675771474838,0.3288726806640625,0.0003926522301522,0.000614944454671,0.0006365441698836,0.000174050893131,0.2263432716836734,0.3286431760204081
gas_3fa615b62bd7d688,NBI,test,swin_unet,0.6976934905176833,0.5357367758186398,0.0753601773180642,27.0,0.0587731190025806,0.0691375732421875,0.0001615316802335,8.912022349199291e-05,5.886051981095715e-05,2.3289465525791472e-05,0.1253985969387755,0.0690170599489796
gas_6bdec8e3e0b2fd3e,NBI,test,unetpp,0.8046326181887222,0.673125794155019,0.0754553339115351,27.073972741361768,0.1025390625,0.3086700439453125,0.0003173123223267,0.0005615952982795,0.0003917234815645,0.0001242994151737,0.2157605229591837,0.3090919961734694
gas_3926c0b84f0e8ff1,NBI,test,swin_unet,0.8133507853403141,0.685418045444518,0.0754641378389208,37.0,0.2841996252536773,0.688568115234375,0.0004747690738491,0.0006606852581895,0.0007863433179508,0.0005059094185551,0.833984375,0.6886559311224489
gas_82cb03f661811bc,NBI,test,attention_unet,0.6216676120249575,0.4510288065843621,0.0756551141166525,31.85663909559497,0.053172830492258,0.0435791015625,0.0002249487460022,0.0001893376147899,4.8350091917562506e-05,6.318138193121169e-05,0.0968590561224489,0.0436862244897959
gas_756550f645818c12,NBI,test,swin_unet,0.7469922867615643,0.596159368269921,0.0757553207322518,36.85914731182319,0.2242307066917419,0.4582672119140625,0.0012988762109177,0.0012786406107372,0.0004148898161241,0.0001630218825912,0.4276347257653061,0.458625637755102
gas_fb1eff37ac372a6b,NBI,test,swin_unet,0.8109063367836405,0.6819532908704883,0.0758398122341205,46.66904755831214,0.208984375,0.4565887451171875,0.0002189451600955,0.0005933282941044,0.000377099696051,9.215911742304151e-05,0.6491948341836735,0.4559948979591837
gas_d17953c118aa0ea8,NBI,test,swin_unet,0.8513124136569963,0.7411174489725793,0.0758920800696257,25.14346701608051,0.1501514613628387,0.5366668701171875,0.0004630481118412,0.0009674015377122,0.0004428052643352,0.0008080353312879,0.4732342155612244,0.5366111288265306
gas_f1f548c0915503aa,NBI,test,swin_unet,0.6999422025282689,0.5383931421275819,0.0761965743556907,62.0,0.4035196006298065,0.474456787109375,0.0001778928294847,0.0005032018148407,0.0008277177926815,0.0002028954084845,0.8700573979591837,0.4747488839285714
gas_58e351d1fd73e299,NBI,test,unet,0.6931249571595037,0.5303681946921222,0.0763288578260069,73.11453908559075,0.1784518510103225,0.3288726806640625,0.0003926522301522,0.000614944454671,0.0006365441698836,0.000174050893131,0.2528698979591837,0.3286431760204081
gas_482fa0fb5cdad613,NBI,test,unetpp,0.6710345459543664,0.5049300144797628,0.0766008378216636,49.06423416883014,0.1430962979793548,0.1639556884765625,0.0006268460908182,0.0006619160694424,0.0003758632635975,0.0001969869055686,0.2708864795918367,0.1641023596938775
gas_6fd9ac1b038b3e6a,NBI,test,swin_unet,0.735401905692646,0.5815301391035549,0.0766233766233766,29.13154555309251,0.0863360986113548,0.1907958984375,0.0005984026846892,0.0009748554406893,0.0010336733138585,0.000217336473451,0.1350645727040816,0.191226881377551
gas_95b8d460a2d45039,NBI,test,attention_unet,0.8440135872676615,0.7301241415742208,0.0767971180612412,33.24154027718932,0.1629065722227096,0.48095703125,0.0010485272405975,0.0013924322704062,0.0010528267097117,0.0004708647451917,0.5635363520408163,0.4808274872448979
gas_fe01990e5b0e1367,NBI,test,unet,0.7545996145084983,0.6059092507914176,0.0768147999195656,23.259406699226016,0.1116470023989677,0.1845245361328125,0.0004401917714741,0.0004548161322484,0.0001554719425022,9.502369943955987e-05,0.2707469706632653,0.184211575255102
gas_95b8d460a2d45039,NBI,test,swin_unet,0.835270781437402,0.7171373123688067,0.0768582504635091,29.14187810921711,0.1423389613628387,0.48095703125,0.0010485272405975,0.0013924322704062,0.0010528267097117,0.0004708647451917,0.3832509566326531,0.4808274872448979
gas_5c8cba4175c63526,NBI,test,unetpp,0.6808554602748218,0.5161340852130326,0.0768809349890431,39.03971938755198,0.1846898943185806,0.213043212890625,0.0018598540184251,0.0019851135187404,0.0014165384699912,0.000130825217833,0.3656529017857143,0.2130500637755102
gas_2acd4e36da4c7150,NBI,test,attention_unet,0.2716206203027416,0.1571533561979421,0.0769230769230769,148.78775517065966,0.5485491156578064,0.119140625,0.0006262454799288,0.0014432095179634,0.0005272401365089,0.0003882097070419,0.6337492028061225,0.1193598533163265
gas_524f8de1896d4a3c,NBI,test,attention_unet,0.7295202178923109,0.5742084432717678,0.0769743418860379,24.08836836195014,0.051458865404129,0.1053924560546875,0.0004751285362435,0.0005846192923119,0.0002605998853044,0.0001723285512162,0.0844626913265306,0.1057876275510204
gas_d5bfa909e34b6744,NBI,test,swin_unet,0.7740916271721959,0.6314432989690721,0.0772986167615947,12.529964086141668,0.0341996178030967,0.0588836669921875,0.0002334801958749,0.0003567598344825,0.0001049119446436,5.4629162856890674e-05,0.0926737882653061,0.0587133290816326
gas_58e351d1fd73e299,NBI,test,attention_unet,0.7007888460832875,0.5393956509460605,0.0776007497656982,72.49583848841377,0.1625279039144516,0.3288726806640625,0.0003926522301522,0.000614944454671,0.0006365441698836,0.000174050893131,0.2145448022959183,0.3286431760204081
gas_1cdd8d6c9e7e29dc,NBI,test,unet,0.62447548995409,0.4539908125179443,0.0776226047417992,81.37257314744181,0.4548190236091614,0.379913330078125,0.0001318766872877,0.0002067699018556,0.0001649370990614,0.0001037458472303,0.8311742665816326,0.3799824617346938
gas_bb2f30f4f0423c92,NBI,test,unet,0.7277233474034775,0.5719851464053083,0.07773851590106,45.62561656031107,0.1401267498731613,0.2070465087890625,0.0012642014597202,0.0007777838804713,0.000448046235015,0.0002018478927132,0.3079161352040816,0.2067323022959183
gas_66d68b25994a436e,NBI,test,unetpp,0.7953586497890295,0.660245183887916,0.0778280542986425,23.653693312335644,0.0657286345958709,0.1934967041015625,0.0003482391962899,0.0002489425550222,0.0001256580856239,0.0002190547137024,0.1277303890306122,0.1934590242346938
gas_1cdd8d6c9e7e29dc,NBI,test,unetpp,0.6203343256239982,0.4496265560165975,0.0778861788617886,81.97008009891633,0.4626116156578064,0.379913330078125,0.0001318766872877,0.0002067699018556,0.0001649370990614,0.0001037458472303,0.8384885204081632,0.3799824617346938
gas_c0b78a6a640849e8,NBI,test,attention_unet,0.8565526048905082,0.749096642796137,0.0784156831366273,31.171237483085385,0.0761120840907096,0.295684814453125,0.0002873776115642,0.0003215576052187,0.0001562826652015,0.0003775865217003,0.2351522640306122,0.2954400510204081
gas_db2d2b3ddee5dd36,NBI,test,swin_unet,0.472250354466275,0.3091150149154789,0.0784211893014801,63.39079395273448,0.207708865404129,0.2994384765625,0.0006632217781853,0.0014862992115993,0.0009839929644609,0.0001775551614694,0.0945073341836734,0.2990672831632653
gas_f11877fecf2b89ef,NBI,test,unetpp,0.4469487154999522,0.2877874800147583,0.0790280210157618,137.59360450253493,0.1154137402772903,0.099090576171875,0.0003731159122175,0.0004113677554054,0.0001977979112982,0.00019596601789,0.1095742984693877,0.0991111288265306
gas_c18cbf1cddf4cd16,NBI,test,attention_unet,0.6666859573483029,0.5000217023308303,0.0790581929555895,63.69059467051965,0.229571908712387,0.45660400390625,0.0001311483012391,0.0002104332578345,0.0002090677387312,6.957405185239345e-05,0.2320033482142857,0.4567522321428571
gas_1cdd8d6c9e7e29dc,NBI,test,swin_unet,0.6274309278350515,0.4571215690044705,0.0795568982880161,77.570886961821,0.4501554667949676,0.379913330078125,0.0001318766872877,0.0002067699018556,0.0001649370990614,0.0001037458472303,0.8282645089285714,0.3799824617346938
gas_48c44f4367c1bd8f,NBI,test,unet,0.6231931311813933,0.4526365645721503,0.0796306209850107,83.78304216939954,0.4145806729793548,0.3529815673828125,0.0003067004489958,0.0008847372753506,0.000865625826542,0.0003455129618203,0.7466517857142857,0.3535953443877551
gas_74a3444164344a1c,NBI,test,unetpp,0.5083724638965181,0.3408172962698978,0.0796819214540733,68.1142418158897,0.3317721486091614,0.5023651123046875,0.0002572127340633,0.0007752314292334,0.000664090821509,0.0003841597368102,0.1719945790816326,0.5028499681122449
gas_e67203a89a0ba9ed,NBI,test,swin_unet,0.8432468606070149,0.7289773694061596,0.0798461538461538,51.93505141742779,0.1587212979793548,0.4930572509765625,0.0003141653636707,0.0003123598563552,0.0001765878058371,9.232787181708624e-05,0.5191924426020408,0.4933633609693877
gas_29ad4e9ac27b7f6c,NBI,test,unet,0.7409862010979772,0.5885449402891263,0.0799418604651162,21.02379604162864,0.1043726056814193,0.1855926513671875,0.0004045598159547,0.0004770900473418,0.0002826410637205,2.2898424737978712e-05,0.2171954719387755,0.1857661033163265
gas_4d151a64d910d80,NBI,test,unetpp,0.6880570409982175,0.5244565217391305,0.0801953678903418,54.77125848774698,0.2615792453289032,0.3000030517578125,0.0004021203719211,0.0006577132557418,0.0004493329339455,0.0001677228853222,0.5385443239795918,0.3000039859693877
gas_b493971ce67e37d3,NBI,test,swin_unet,0.8744581187629106,0.7769218838856434,0.0803165182987141,22.59583183261805,0.0859972909092903,0.385284423828125,0.0002896979867484,0.0002779623559356,0.0001890518430623,6.282567177233082e-05,0.2995256696428571,0.3854830994897959
gas_7445a850363cc0eb,NBI,test,attention_unet,0.6578553940155569,0.4901523957122562,0.0805632880301293,89.92662092012833,0.3147122263908386,0.556671142578125,0.0005622533144699,0.0007821761359436,0.0005054601417251,0.0005388337423107,0.3633011798469387,0.5565210459183674
gas_34051,NBI,test,swin_unet,0.7095319115261346,0.5498252284295088,0.0806861499364676,39.0,0.1463050097227096,0.191162109375,6.703399311957955e-05,0.0002640112880253,0.0002104622837312,5.797877723162637e-05,0.3136957908163265,0.1899912308673469
gas_85866c7e3796ba1f,NBI,test,unet,0.6882542108447162,0.5246856643526385,0.0808574652124859,47.07440918375928,0.1951331347227096,0.2383270263671875,0.000392800904767,0.0006086463235845,0.0006732272343734,9.777231487418932e-05,0.3872568558673469,0.2386798469387755
gas_58e351d1fd73e299,NBI,test,unetpp,0.7279993851356544,0.5723262839879154,0.081267217630854,66.0,0.1410634517669677,0.3288726806640625,0.0003926522301522,0.000614944454671,0.0006365441698836,0.000174050893131,0.1899713010204081,0.3286431760204081
gas_48c44f4367c1bd8f,NBI,test,attention_unet,0.5956146408839779,0.4241105455976002,0.0814791601378878,87.0186707180129,0.466796875,0.3529815673828125,0.0003067004489958,0.0008847372753506,0.000865625826542,0.0003455129618203,0.8007413903061225,0.3535953443877551
gas_5c8cba4175c63526,NBI,test,attention_unet,0.6014062642681034,0.4300078349438496,0.0814866515442331,49.193495504995376,0.2609813511371612,0.213043212890625,0.0018598540184251,0.0019851135187404,0.0014165384699912,0.000130825217833,0.4417051977040816,0.2130500637755102
gas_cb6507c072ec77d3,NBI,test,swin_unet,0.7854017772222072,0.6466350456416682,0.0820449754040758,50.64080503103369,0.1573860049247741,0.4208221435546875,0.0005530387516586,0.0005957454440581,0.0003489191543747,0.0001448088097518,0.3122807716836734,0.4211176658163265
gas_5fca22c0b2084eae,NBI,test,swin_unet,0.8397303133124752,0.7237371819217623,0.0821636965778268,21.854037047584505,0.1449697017669677,0.5012054443359375,0.0005389463343281,0.001590482740854,0.0013299184959759,0.0014357500011148,0.4030811543367347,0.5014548788265306
gas_f5d950074ed5d805,NBI,test,unetpp,0.6293000239444488,0.4591085102046758,0.0822550831792976,75.93746778398003,0.3702566921710968,0.3753509521484375,0.001301035275705,0.001491770560869,0.0011535868638175,0.000452144621647,0.6232860331632653,0.3755181760204081
gas_33668,NBI,test,attention_unet,0.2625250501002004,0.1510957324106113,0.0823392493453593,51.28204605254747,0.0733418390154838,0.0508270263671875,7.344069133139307e-05,0.0003081264604747,0.0001030169719116,8.49383101343627e-05,0.0488081951530612,0.0506417410714285
gas_c42cee0768d0d296,NBI,test,swin_unet,0.7820530159588855,0.6421076009105546,0.0824642719196601,50.446448301027125,0.1284677982330322,0.2953643798828125,0.0002877830144427,0.0004217580769467,0.0001788202201397,4.776994911427884e-06,0.2938855229591837,0.2955596301020408
gas_1606d053093ecd75,NBI,test,swin_unet,0.6559978115168924,0.4880928149806635,0.0826746421704763,44.26993300637191,0.1503707021474838,0.293182373046875,0.0010117759644944,0.000983130162723,0.0002709279454354,0.0002547360182174,0.1440927933673469,0.2930285395408163
gas_219dd474321ba69,NBI,test,attention_unet,0.6165385336583536,0.4456492274329086,0.0828889966068831,78.17285366357038,0.1630261540412902,0.163360595703125,0.0006668122792985,0.0005865936781257,0.0004835051077896,2.38474718354852e-05,0.2616390306122449,0.1635044642857142
gas_637610748c3ab728,NBI,test,unet,0.7460127681653094,0.5949125710585018,0.0828951010240797,46.51881339845203,0.2243901491165161,0.43646240234375,0.0006855653902195,0.00089014414263,0.0005011845140316,0.000217163341613,0.4468072385204081,0.4366629464285714
gas_34049,NBI,test,unetpp,0.540600874337271,0.3704270235818993,0.0831418424900772,38.61214100857043,0.0984335169196128,0.10382080078125,9.982670842486088e-05,0.0003785524923025,0.0002107886464112,6.316695434172974e-05,0.1107102997448979,0.1035554846938775
gas_27037,NBI,test,swin_unet,0.6805814386880358,0.515819209039548,0.0833810888252149,31.062034172793417,0.0853993967175483,0.1766204833984375,6.669153982839725e-05,4.139722322038068e-05,3.141723348210207e-05,3.645854938717754e-05,0.0912986288265306,0.1760602678571428
gas_f724662bf186b831,NBI,test,unetpp,0.7597084274692015,0.6125240582897993,0.0834498834498834,41.16976679457488,0.224689096212387,0.5284881591796875,0.0004805017610076,0.0004583824978995,0.0002834165432507,0.0001528678194886,0.4067881058673469,0.5282804528061225
gas_47ec9f4c61c3c495,NBI,test,unetpp,0.5475056405114064,0.3769416637901277,0.0835260858391159,65.74229718249141,0.1438934952020645,0.2125396728515625,0.000116024131122,0.0001237650866984,5.303500308384473e-05,3.559931846163316e-05,0.1057079081632653,0.2122927295918367
gas_bee1ae994d28ccf4,NBI,test,unet,0.8169570802727363,0.6905557411738501,0.0839247693399574,95.7507130912805,0.1107501611113548,0.3460845947265625,0.0017518798770655,0.0015754444109508,0.0008495673682175,0.0014161037230119,0.258968431122449,0.3460817920918367
gas_450424c3af5957e1,NBI,test,swin_unet,0.7669342513317406,0.6219735258724428,0.0839584535487593,48.2270465415447,0.3130381107330322,0.8254241943359375,0.0004195554040085,0.0005881445860082,0.00040806201621,0.0004269664721074,0.5168207908163265,0.8263113839285714
gas_21dd1cb649faee85,NBI,test,unetpp,0.7791566110214632,0.638211762504094,0.0839860748476936,56.02632865030837,0.3082150816917419,0.5832672119140625,0.0003996484221409,0.0004840442427665,0.0003315712398009,0.0003163353134174,0.8125797193877551,0.5830476721938775
gas_781a9d3997764d66,NBI,test,unet,0.1825037707390648,0.1004149377593361,0.0840163934426229,19.89845988380905,0.0216039549559354,0.0240020751953125,0.0002086869039873,0.0002600980331935,9.535756127074698e-05,2.462074146906363e-05,0.0024115114795918,0.0240154655612244
gas_6d5d588e72986568,NBI,test,swin_unet,0.6377881299534152,0.4682003908331852,0.0843575418994413,60.02416122951859,0.1193199902772903,0.2149200439453125,0.0007019983910243,0.0008906612963383,0.0002961640949633,0.0003542221373064,0.1142777423469387,0.2151426977040816
gas_278253f33f9c2222,NBI,test,attention_unet,0.7034958415038204,0.5426097840826118,0.0843938379102478,104.71293652225016,0.0873923823237419,0.1811676025390625,0.0006928631293897,0.0009955716729049,0.0004109835327917,0.0002210868303753,0.1135004783163265,0.1812420280612245
gas_f5d950074ed5d805,NBI,test,attention_unet,0.634331756181577,0.464484518149136,0.0844424047728315,70.2833469068425,0.3681242167949676,0.3753509521484375,0.001301035275705,0.001491770560869,0.0011535868638175,0.000452144621647,0.6311981823979592,0.3755181760204081
gas_7a5358721ffb56d6,NBI,test,unet,0.6652626559643964,0.4984221494492408,0.0844465648854961,72.09641253518978,0.3357780575752258,0.3348846435546875,0.0007343410552686,0.00098919840867,0.0005499272789845,0.0003558721886885,0.6675701530612245,0.3355389030612244
gas_9a2be4e675720b86,NBI,test,attention_unet,0.8461104286330887,0.7332681130229614,0.0845258538446861,32.526911934581186,0.0923748388886451,0.259033203125,0.0005700583132297,0.0009960948300063,0.0010679140090154,0.0003917411091347,0.3411391900510204,0.2591278698979591
gas_442c1c72875832df,NBI,test,unetpp,0.7339897284567148,0.5797660137164373,0.0851101634683724,38.897300677553446,0.1868423223495483,0.4442138671875,0.0015967230882614,0.0009115481305558,0.0005336552801091,0.001032098452099,0.2578523596938775,0.4445352359693877
gas_b6771af517066173,NBI,test,swin_unet,0.8336044771263096,0.7146842222718143,0.0856304985337243,21.06297092908383,0.0509606190025806,0.1726226806640625,0.0021029673705386,0.0018122121157438,0.0006860869223133,0.0018869286062021,0.1339485012755102,0.172313456632653
gas_bb2f30f4f0423c92,NBI,test,swin_unet,0.7258077844806214,0.5696218950645308,0.0859286201409411,42.72001872658765,0.1322544664144516,0.2070465087890625,0.0012642014597202,0.0007777838804713,0.000448046235015,0.0002018478927132,0.2756098533163265,0.2067323022959183
gas_2b714b06a60e137e,NBI,test,unetpp,0.5492210119950366,0.3785697315276788,0.0859298928919182,77.0,0.5212850570678711,0.320220947265625,0.0008345980618861,0.0016454959784068,0.0009002840281047,0.000320421603852,0.8358976403061225,0.3205117984693877
gas_efd8f104ad0bf30a,NBI,test,swin_unet,0.8246413214696241,0.7016082294986961,0.086717630195891,29.05166278062295,0.0820910409092903,0.2441558837890625,0.0010016430804043,0.0008667148295717,0.0004535853538827,0.0002683892988416,0.2235530931122449,0.244579081632653
gas_c0b78a6a640849e8,NBI,test,unet,0.8577871201987388,0.7509870842534966,0.0867242087957254,31.373922984528065,0.0741589590907096,0.295684814453125,0.0002873776115642,0.0003215576052187,0.0001562826652015,0.0003775865217003,0.226024394132653,0.2954400510204081
gas_a591b1bb4ef6e28f,NBI,test,swin_unet,0.7539597451198543,0.6050845806682035,0.0871193616674808,46.99201374583566,0.2424067258834839,0.37158203125,0.0003545902542211,0.0003981505482047,0.0002501621907844,0.0004215177473673,0.6135403380102041,0.3716916454081632
gas_6281db552a6bc5c8,NBI,test,unetpp,0.5434657455382844,0.3731225296442688,0.0874384236453202,47.991463870472685,0.0474131070077419,0.07476806640625,0.0003601587561214,0.0007132026105827,0.0007117861332154,0.0005858283674648,0.0289182079081632,0.0749362244897959
gas_626851a49ebb336f,NBI,test,unet,0.8151479815647732,0.6879745055769051,0.0877828054298642,28.231188426986208,0.0663464590907096,0.153167724609375,0.0017068455565485,0.0017508939677272,0.000466556136797,0.0009772472022084,0.2058553890306122,0.1530612244897959
gas_74a3444164344a1c,NBI,test,attention_unet,0.4349267586955211,0.2778954666255825,0.0879093512638525,55.04949549489641,0.3736447691917419,0.5023651123046875,0.0002572127340633,0.0007752314292334,0.000664090821509,0.0003841597368102,0.1583824936224489,0.5028499681122449
gas_80cb465b3306aa9e,NBI,test,unetpp,0.7666867549571531,0.6216480347055038,0.0879697413372376,54.0,0.3163464665412903,0.72686767578125,0.00016230193123,0.0003208075357292,0.0003440185789534,0.0004243543894562,0.6275908801020408,0.7282963966836735
gas_5ebcd861193e23bf,NBI,test,attention_unet,0.55056505360765,0.3798480607756897,0.0882110469909315,89.76439125403243,0.2163783460855484,0.13311767578125,0.0005656296639444,0.0009924190284374,0.000419939652667,0.0001719694664314,0.3481744260204081,0.1332708864795918
gas_90cdcb83838f6bec,NBI,test,attention_unet,0.8823224468636599,0.7894248608534323,0.0884534905839832,14.0356688476182,0.0769092813134193,0.3567657470703125,0.0007040113499059,0.0006299149782714,0.0005269339103711,0.0007154642293255,0.2971938775510204,0.3563655931122449
gas_af1a47323452e495,NBI,test,swin_unet,0.752617347292519,0.6033572341726419,0.0887728459530026,35.830149026696425,0.1422193944454193,0.2172698974609375,0.0011859619265646,0.0016710271903785,0.0004997644876252,0.0002775495853077,0.3576211734693877,0.2172751913265306
gas_3ec3f162e30d0bcf,NBI,test,unet,0.8226300621871682,0.6987014325466351,0.0888009049773755,27.202941017470888,0.1165298148989677,0.301422119140625,0.0001900326140943,0.000322581851491,0.0002307664244688,0.0001643885359379,0.3558673469387755,0.3011200573979591
gas_741dfe0783e78a74,NBI,test,swin_unet,0.6603571203230487,0.4929351921627731,0.0890318719138111,74.2057856681185,0.4291294515132904,0.4263763427734375,0.000578109619777,0.0007397715732301,0.0007368912893545,0.0001445578568393,0.8374123086734694,0.4260602678571428
gas_bee1ae994d28ccf4,NBI,test,attention_unet,0.8427358961557664,0.728213977566868,0.0894005393071976,23.706539182259394,0.0941685289144516,0.3460845947265625,0.0017518798770655,0.0015754444109508,0.0008495673682175,0.0014161037230119,0.2527104591836734,0.3460817920918367
gas_bdc5a4b345696705,NBI,test,swin_unet,0.7496542185338866,0.5995575221238938,0.0894912736724842,39.6289012899858,0.1478993892669677,0.2405548095703125,0.000317727496606,0.0004236294414696,0.0002345573429935,0.0001949338781122,0.3506257971938775,0.2401546556122449
gas_f1f548c0915503aa,NBI,test,unet,0.7269260927722514,0.5710007004661724,0.0895148208228874,57.982756057296896,0.3539740145206451,0.474456787109375,0.0001778928294847,0.0005032018148407,0.0008277177926815,0.0002028954084845,0.8215082908163265,0.4747488839285714
gas_99d159a0c7d5ff8e,NBI,test,swin_unet,0.738228494950724,0.5850730437298105,0.0897787529712927,71.83547325862075,0.1715162694454193,0.397979736328125,0.000621124711526,0.0007464056800926,0.0003949473473203,0.0001591926632787,0.2574338329081632,0.3977798150510204
gas_2c99d75f992d1929,NBI,test,attention_unet,0.7456222933534175,0.5944160912638847,0.0901272789817681,26.40075756488817,0.0538504458963871,0.1326904296875,0.0012741077218217,0.0008661780400466,0.0004246240242457,0.0008337979241431,0.078922193877551,0.1327726403061224
gas_5c8cba4175c63526,NBI,test,unet,0.6525731650921582,0.4843106491468915,0.0901471409945986,42.05948168962618,0.2096221297979354,0.213043212890625,0.0018598540184251,0.0019851135187404,0.0014165384699912,0.000130825217833,0.3903061224489796,0.2130500637755102
gas_c50f8aa50d4f6823,NBI,test,attention_unet,0.8466804879224724,0.7341248275573764,0.0904199930579659,27.586228448267445,0.1267538219690323,0.3668212890625,0.0002253352180205,0.0002366017174803,0.0001884006527228,7.818647043502974e-05,0.4599410076530612,0.3667889030612244
gas_af1a47323452e495,NBI,test,unet,0.7348658487259,0.5808600202483082,0.0904947916666666,43.41658669218482,0.1567681729793548,0.2172698974609375,0.0011859619265646,0.0016710271903785,0.0004997644876252,0.0002775495853077,0.3740035076530612,0.2172751913265306
gas_28f58204ff178fa7,NBI,test,unet,0.5799326465927099,0.4083839017925647,0.090521978021978,91.91707741421006,0.3380899131298065,0.23455810546875,0.00042027478376,0.0010135822906809,0.0004512590902215,0.0001615145261523,0.5704320790816326,0.2344148596938775
gas_37fd36f75f352244,NBI,test,swin_unet,0.6182330644377491,0.4474221003024548,0.090563647878404,68.18357573492314,0.3131377696990967,0.2541656494140625,0.0004190459137474,0.0009262285934272,0.0003888891801927,0.0005853280964114,0.5666852678571429,0.253547512755102
gas_2e27cf02f9609578,NBI,test,swin_unet,0.8427116903858769,0.7281778303514219,0.0905755117806102,28.31077119962492,0.1099131032824516,0.3099822998046875,0.0001868788279465,0.0004721402680891,0.0004444831007245,7.66253025541505e-05,0.388313137755102,0.3104870854591837
gas_9095fa0a7544fd2,NBI,test,unetpp,0.8534043646899387,0.7442940984675579,0.0908876298394712,15.0,0.0625199303030967,0.2423248291015625,0.0009685315577578,0.0007923292365878,0.0002379509791521,0.0001845081992666,0.1842912946428571,0.2421875
gas_8809274ac654c27d,NBI,test,attention_unet,0.3476754259312735,0.2104159384830478,0.0909566126502875,31.771841915559083,0.0450215227901935,0.0532379150390625,0.0008805189783833,0.0017319388207557,0.0007809624238046,3.36804509009944e-05,0.0156847895408163,0.0533322704081632
gas_ab6e7663b8eccc33,NBI,test,unetpp,0.8313062598776885,0.7113123236124177,0.091429432143395,35.64260763162311,0.1957110911607742,0.4918365478515625,0.0003589413345539,0.0005399441812299,0.000469992067294,0.0001765423266596,0.6681680484693877,0.4919882015306122
gas_c0b78a6a640849e8,NBI,test,unetpp,0.8424422765452559,0.7277756084862684,0.0916149068322981,20.0,0.0833665505051612,0.295684814453125,0.0002873776115642,0.0003215576052187,0.0001562826652015,0.0003775865217003,0.2336774553571428,0.2954400510204081
gas_82cb03f661811bc,NBI,test,unetpp,0.7304596673224826,0.5753733446041138,0.0916316035530621,20.248456731316587,0.0300342794507741,0.0435791015625,0.0002249487460022,0.0001893376147899,4.8350091917562506e-05,6.318138193121169e-05,0.0677415497448979,0.0436862244897959
gas_e67203a89a0ba9ed,NBI,test,unet,0.8431174626786379,0.7287839823659075,0.0917201439974957,57.90290888869086,0.1765585094690323,0.4930572509765625,0.0003141653636707,0.0003123598563552,0.0001765878058371,9.232787181708624e-05,0.6320551658163265,0.4933633609693877
gas_33889,NBI,test,unetpp,0.8038623639680443,0.6720483828556403,0.0917349027635619,30.881223103227843,0.1242825239896774,0.3400726318359375,5.263283939133559e-05,0.0001290949124311,7.883568885855115e-05,5.3526702170831816e-05,0.2933872767857143,0.3402622767857143
gas_cfa86f6d3087ca07,NBI,test,attention_unet,0.8025407750462209,0.6702030084383026,0.0920899250624479,49.51767361255979,0.2149832546710968,0.63421630859375,0.0001454576981427,0.0004137082317898,0.0004382261238686,0.0004180156707559,0.453125,0.6356226084183674
gas_bdc5a4b345696705,NBI,test,unetpp,0.7553216014754476,0.6068407729826512,0.0923418872499494,32.56824098445102,0.1269132643938064,0.2405548095703125,0.000317727496606,0.0004236294414696,0.0002345573429935,0.0001949338781122,0.2785395408163265,0.2401546556122449
gas_e34cbca0a4d0e90e,NBI,test,swin_unet,0.7806129159542285,0.6401682666379032,0.0926609924522241,59.48403008958043,0.2659438848495483,0.739166259765625,0.0003594450612872,0.0007552795313435,0.0007497835021079,0.0002157394267804,0.4731345663265306,0.7390784438775511
gas_637610748c3ab728,NBI,test,swin_unet,0.7601254303444949,0.6130663931236957,0.0927107370707207,43.80901577790827,0.2180126011371612,0.43646240234375,0.0006855653902195,0.00089014414263,0.0005011845140316,0.000217163341613,0.4721978635204081,0.4366629464285714
gas_f1f548c0915503aa,NBI,test,unetpp,0.744051778031111,0.5924223347875736,0.0930206957287538,55.21775076911409,0.2774234712123871,0.474456787109375,0.0001778928294847,0.0005032018148407,0.0008277177926815,0.0002028954084845,0.6091557716836735,0.4747488839285714
gas_2ff8e2db3424fdfb,NBI,test,swin_unet,0.5226445612616255,0.3537703571917339,0.093090717299578,91.40541525933035,0.1882174760103225,0.1127166748046875,0.00064196959066,0.0016222645275878,0.0005451947340742,0.000362170729318,0.2817083864795918,0.1125837053571428
gas_53709e1f40fe370,NBI,test,unet,0.8681541582150102,0.7670250896057348,0.0931318681318681,27.89801879386457,0.174884408712387,0.5782623291015625,0.0006007755924149,0.0006232522741728,0.0003904241540323,8.714602485311931e-05,0.7479671556122449,0.5784638073979592
gas_fb1eff37ac372a6b,NBI,test,attention_unet,0.8304491865780755,0.7100582352196481,0.0934467831019555,47.05840154183542,0.1825773268938064,0.4565887451171875,0.0002189451600955,0.0005933282941044,0.000377099696051,9.215911742304151e-05,0.6208346619897959,0.4559948979591837
gas_95b8d460a2d45039,NBI,test,unetpp,0.8456862782934218,0.7326312270143764,0.0935060621159275,34.40930106817051,0.1593789905309677,0.48095703125,0.0010485272405975,0.0013924322704062,0.0010528267097117,0.0004708647451917,0.5519969706632653,0.4808274872448979
gas_8c676604309f635a,NBI,test,unet,0.8262939847196815,0.7040042173783493,0.0935720097640358,41.64132043683533,0.2573740482330322,0.86907958984375,0.0002808987565589,0.0005603921351955,0.0005072390119216,0.0006308538671966,0.6121452487244898,0.8695192920918368
gas_a1b3c5fce05ae64b,NBI,test,swin_unet,0.7090939729259114,0.5492994517448437,0.0938323668950975,62.99204949972106,0.103216677904129,0.13946533203125,0.0005617859323609,0.000296525231871,9.86471651287692e-05,9.825740370510128e-05,0.2155811543367347,0.1392299107142857
gas_a3b11f41a1a994be,NBI,test,unet,0.8750440879784428,0.7778474504000602,0.0938643399943709,25.0,0.1765186488628387,0.626922607421875,0.000286543701094,0.0004508208313087,0.000351704808953,0.0002602250089902,0.7852558992346939,0.6273915816326531
gas_b0ed499dbf9b922a,NBI,test,unet,0.6731047244549818,0.5072779569423864,0.0938917044545212,38.647009640569074,0.1126634255051612,0.12689208984375,0.0001505226277862,0.000234574923311,0.0002149456751448,0.0001436580158588,0.2177136479591837,0.1269331951530612
gas_ba495a4f4515a679,NBI,test,unetpp,0.7915442222011565,0.6550047066206464,0.0939809926082365,15.556349186104043,0.0438257344067096,0.08477783203125,0.0003643552319565,0.0004255249471805,0.0001113244339581,8.958099740466311e-06,0.1253188775510204,0.0849210778061224
gas_cb6507c072ec77d3,NBI,test,unet,0.7819047881274264,0.6419077757685353,0.0939842750045712,32.39091397858525,0.1578643172979354,0.4208221435546875,0.0005530387516586,0.0005957454440581,0.0003489191543747,0.0001448088097518,0.3027144451530612,0.4211176658163265
gas_fe01990e5b0e1367,NBI,test,attention_unet,0.675918566974384,0.5104811155231324,0.0940483445053829,24.0197830839822,0.1056481152772903,0.1845245361328125,0.0004401917714741,0.0004548161322484,0.0001554719425022,9.502369943955987e-05,0.1417809311224489,0.184211575255102
gas_5ebcd861193e23bf,NBI,test,unetpp,0.5493162641838812,0.3786602486963498,0.0940516273849607,93.34879994141257,0.2160993367433548,0.13311767578125,0.0005656296639444,0.0009924190284374,0.000419939652667,0.0001719694664314,0.3462213010204081,0.1332708864795918
gas_e0a34e3c8587f6de,NBI,test,attention_unet,0.7783100107642626,0.6370765231948544,0.0941339332064371,34.93703989676366,0.1641820818185806,0.295440673828125,0.000791988126269,0.0011402431947639,0.0004176188520985,0.0001703827266279,0.4450334821428571,0.2955596301020408
gas_7a5358721ffb56d6,NBI,test,unetpp,0.667743608152846,0.5012125385467501,0.0941840940314455,72.67163673358822,0.33203125,0.3348846435546875,0.0007343410552686,0.00098919840867,0.0005499272789845,0.0003558721886885,0.6637834821428571,0.3355389030612244
gas_840fb3e1a04143de,NBI,test,unetpp,0.7884407556304845,0.6507653334284796,0.0942895086321381,54.53843442430202,0.1950733363628387,0.36376953125,0.0006605029944165,0.000933890742191,0.000408208579116,0.0003982910694068,0.5583346619897959,0.3637396364795918
gas_8b58a74094ccf95d,NBI,test,unet,0.759557484946086,0.6123278392413637,0.0946483856700575,15.811388300841896,0.0342195481061935,0.0879058837890625,0.0006969358529276,0.0006912527824026,0.0001105975090196,0.0001334714188217,0.0544084821428571,0.0879105548469387
gas_48c44f4367c1bd8f,NBI,test,swin_unet,0.7848003978480039,0.6458201569998884,0.0947923757658271,35.0,0.1897321492433548,0.3529815673828125,0.0003067004489958,0.0008847372753506,0.000865625826542,0.0003455129618203,0.5280612244897959,0.3535953443877551
gas_9d2fea0944ac75be,NBI,test,unetpp,0.8889805308966205,0.8001484722981949,0.0949324324324324,23.259406699226016,0.101941168308258,0.5087738037109375,0.0007310897047793,0.0006374106656164,0.0002985739020425,0.0002210617034216,0.4092195471938775,0.5090082908163265
gas_9fcfa0439f89b9b0,NBI,test,attention_unet,0.7968408172346026,0.6622904339250493,0.0949841693051158,25.612496949731398,0.1091956347227096,0.28363037109375,0.0002359065867686,0.0002254847203655,0.0001007367183356,3.615376596032851e-05,0.2536471619897959,0.2838408801020408
gas_6e9f38b5c1ee0260,NBI,test,swin_unet,0.8846722192369694,0.7931948208370972,0.0950794852384557,24.73154037515956,0.1368781924247741,0.5252532958984375,0.0003123583309804,0.0003550299553281,0.0003374634660801,0.0002104387447149,0.6617705676020408,0.5250916772959183
gas_5d6308d5dc0a5a6d,NBI,test,unet,0.8296910447030406,0.7089504365046161,0.0953632148377125,49.0702779602788,0.2079679518938064,0.70654296875,0.001625267221896,0.0023483818216084,0.0014945308812861,0.0005921883160384,0.514030612244898,0.7070910395408163
gas_dd196da4e6e194d3,NBI,test,unet,0.6149183364202728,0.4439581813761244,0.0956009698649116,37.446574572284206,0.0455795601010322,0.0767364501953125,0.0003610725440501,0.0003958211583321,6.968768007418667e-05,0.000151152214493,0.0414142219387755,0.0769491390306122
gas_fd5d206052172251,NBI,test,unet,0.7192472198460222,0.5615816190221747,0.0956429330499468,31.75683907977277,0.0654097571969032,0.0838165283203125,9.378176541204844e-05,0.0001173380748562,5.118396816016096e-05,3.886275943335883e-05,0.1491948341836734,0.0837850765306122
gas_bd8006f9c2389380,NBI,test,unetpp,0.7210429084318031,0.563774119699117,0.0957934194085797,37.11401292075095,0.1594985723495483,0.25140380859375,0.0007322476090714,0.0010900372577918,0.0003938898151732,0.0005306097328676,0.320133131377551,0.2516342474489796
gas_ecb03379390103e6,NBI,test,swin_unet,0.8386951883667396,0.7222007348675304,0.0959038991729027,24.31868879645563,0.1145168989896774,0.375823974609375,0.0003236857437982,0.0006310337051636,0.0004016572685476,0.0003625121566733,0.3341238839285714,0.3758171237244898
gas_5ebcd861193e23bf,NBI,test,unet,0.4757434611250448,0.3121150862676884,0.0969738651994498,89.44439604617213,0.2916135191917419,0.13311767578125,0.0005656296639444,0.0009924190284374,0.000419939652667,0.0001719694664314,0.4229711415816326,0.1332708864795918
gas_5d6308d5dc0a5a6d,NBI,test,swin_unet,0.8560298910883218,0.7482974287699792,0.097024966362685,40.86805678846788,0.1804647594690323,0.70654296875,0.001625267221896,0.0023483818216084,0.0014945308812861,0.0005921883160384,0.5463966836734694,0.7070910395408163
gas_10fe196470c953ee,NBI,test,attention_unet,0.8866436529987932,0.796370052936728,0.0970388411742084,29.0,0.1609933078289032,0.707794189453125,0.0005034970370001,0.0007511238990455,0.0006649231165508,0.000163394979723,0.7119937818877551,0.7082469706632653
gas_b493971ce67e37d3,NBI,test,unet,0.90606092771468,0.8282553852124975,0.0971792890262751,13.45362404707371,0.0705516561865806,0.385284423828125,0.0002896979867484,0.0002779623559356,0.0001890518430623,6.282567177233082e-05,0.3655532525510204,0.3854830994897959
gas_6bdec8e3e0b2fd3e,NBI,test,unet,0.8384090838964485,0.7217765499654678,0.0972951936174353,34.0,0.1043726056814193,0.3086700439453125,0.0003173123223267,0.0005615952982795,0.0003917234815645,0.0001242994151737,0.3368144132653061,0.3090919961734694
gas_e583301bb1c36711,NBI,test,swin_unet,0.7503390979993219,0.6004341632182348,0.0975303474257011,39.21096733504024,0.1173867955803871,0.235137939453125,0.0013273315762962,0.0016254195359221,0.0006935804381087,0.0002663936956177,0.2351522640306122,0.2350326849489795
gas_a57d5991dae795de,NBI,test,unet,0.8823098154217699,0.789404637882471,0.0975434821588667,32.77188223389656,0.108777105808258,0.4095458984375,0.0001882911212962,0.0004227924491336,0.0003159635776585,0.0001533637993118,0.5155253507653061,0.4087412308673469
gas_6578d0c9f427d12a,NBI,test,unet,0.6644703361457078,0.4975331916088404,0.0983342289091886,86.0,0.2496611922979354,0.2682037353515625,0.0002189019678077,0.0001999064265712,0.000114528181741,5.713836856300063e-05,0.4757453762755102,0.2683354591836734
gas_e0a34e3c8587f6de,NBI,test,unetpp,0.7596678385258819,0.6124712896447246,0.0983881799865681,29.532185213205025,0.1580436825752258,0.295440673828125,0.000791988126269,0.0011402431947639,0.0004176188520985,0.0001703827266279,0.3620455994897959,0.2955596301020408
gas_179de4a38769a755,NBI,test,unetpp,0.7527163118910204,0.6034844511052829,0.0983922829581993,47.00362427280468,0.2109175771474838,0.359039306640625,0.0011029196798035,0.0016560329205848,0.0006178995688885,0.0003564009978073,0.4937619579081632,0.3591757015306122
gas_e96e8099af2efd07,NBI,test,unet,0.8514416239279403,0.7413133208255159,0.0984371355260088,18.391388583662994,0.0686981827020645,0.2198333740234375,0.0008890481260249,0.0010996932999249,0.0004498736690904,0.0008839177316694,0.2423668686224489,0.2200653698979592
gas_c9d0e4ff1441f017,NBI,test,unetpp,0.8180345952543009,0.6920969023034154,0.0984541774015458,42.42640687119285,0.1545161008834839,0.493682861328125,0.0003903407830083,0.0003667391659357,0.0001594046693094,0.0001803821111753,0.3559669961734694,0.4931839923469387
gas_e2ae7f2a76e15ef6,NBI,test,swin_unet,0.8725495461625221,0.7739138719512195,0.0987699651184138,23.095423458130163,0.0945870503783226,0.3780517578125,0.0005185232559776,0.0005627936553734,0.0002572921472839,8.64284888386184e-05,0.3642578125,0.3778898278061224
gas_e7116ce4b5450f72,NBI,test,swin_unet,0.7354827747334438,0.5816312819134641,0.098792722326135,62.36162533585137,0.124103158712387,0.2608184814453125,0.000778136917806,0.0009239250758834,0.0004902183113864,0.0001591296773577,0.2085060586734693,0.2606624681122449
gas_90cdcb83838f6bec,NBI,test,swin_unet,0.8689912826899129,0.7683329663069809,0.0988563675130839,18.520082076162023,0.0838647931814193,0.3567657470703125,0.0007040113499059,0.0006299149782714,0.0005269339103711,0.0007154642293255,0.2837810905612244,0.3563655931122449
gas_637610748c3ab728,NBI,test,attention_unet,0.7731921603964858,0.6302471629512651,0.0989656136427173,41.20436162545088,0.2006537020206451,0.43646240234375,0.0006855653902195,0.00089014414263,0.0005011845140316,0.000217163341613,0.4480229591836734,0.4366629464285714
gas_3614635286258cd6,NBI,test,unet,0.7862746041676693,0.6478191911181602,0.0999781229490264,38.28576189310214,0.0885084494948387,0.1646728515625,0.0002447744266113,0.0004317131313225,0.0002536952107852,9.10608776204542e-05,0.2496014030612245,0.1645208864795918
gas_194b3005cde83e0e,WL,test,attention_unet,0.0,0.0,0.0,316.7838379715733,0.049266580492258,0.0492706298828125,5.5270088788186565e-05,0.0002844228923203,0.0002447948674537,0.0003214574151819,0.0,0.049266581632653
gas_26020,WL,test,attention_unet,0.0,0.0,0.0,316.7838379715733,0.1167490407824516,0.1169891357421875,6.07768151463377e-05,2.984386052084045e-05,2.434923985645577e-05,2.1298308895111284e-05,0.0,0.1167490433673469
gas_59ef58d465a92352,WL,test,attention_unet,0.0,0.0,0.0,316.7838379715733,0.2471898943185806,0.2467803955078125,0.000137589597353,0.0004798168039673,0.0003797459003618,0.0008516300716356,0.0,0.2471898915816326
gas_91ee96934ef9c3ff,WL,test,attention_unet,0.0,0.0,0.0,316.7838379715733,0.0476721934974193,0.0477142333984375,0.0003314549344752,0.0004627100977538,0.0003007409050575,4.801408646587697e-05,0.0,0.047672193877551
gas_cd452a5ea2593442,WL,test,attention_unet,0.0,0.0,0.0,316.7838379715733,0.0208266898989677,0.02093505859375,0.0008009157495501,0.0004807860015635,0.0001317773223139,0.0001341314906173,0.0,0.0208266900510204
gas_e1a8f88223359c38,WL,test,attention_unet,0.0,0.0,0.0,316.7838379715733,0.021404655650258,0.0214080810546875,4.184628604773448e-05,5.232219702955313e-05,1.5495966960140766e-05,1.2175359726839704e-05,0.0,0.0214046556122449
gas_26130,WL,test,swin_unet,0.0,0.0,0.0,316.7838379715733,0.0175183359533548,0.01763916015625,4.273096183792902e-05,5.0801605782759056e-05,3.089371062201861e-05,2.1873578497580777e-05,0.0,0.0175183354591836
gas_26020,WL,test,unet,0.0,0.0,0.0,316.7838379715733,0.1167490407824516,0.1169891357421875,6.07768151463377e-05,2.984386052084045e-05,2.434923985645577e-05,2.1298308895111284e-05,0.0,0.1167490433673469
gas_26364,WL,test,unet,0.0,0.0,0.0,316.7838379715733,0.0242944825440645,0.024017333984375,4.030890229129187e-05,7.414735168172837e-05,4.2998822459412496e-05,2.64409389794757e-05,0.0,0.0242944834183673
gas_59ef58d465a92352,WL,test,unet,0.0,0.0,0.0,316.7838379715733,0.2471898943185806,0.2467803955078125,0.000137589597353,0.0004798168039673,0.0003797459003618,0.0008516300716356,0.0,0.2471898915816326
gas_26020,WL,test,unetpp,0.0,0.0,0.0,316.7838379715733,0.1167490407824516,0.1169891357421875,6.07768151463377e-05,2.984386052084045e-05,2.434923985645577e-05,2.1298308895111284e-05,0.0,0.1167490433673469
gas_26721,WL,test,unetpp,0.0,0.0,0.0,316.7838379715733,0.026287468150258,0.026397705078125,2.2939565020128356e-05,7.167752403814618e-05,5.152609930231179e-05,1.549524944605375e-05,0.0,0.0262874681122449
gas_27450,WL,test,unetpp,0.0,0.0,0.0,316.7838379715733,0.1362404376268386,0.136932373046875,9.104629573331492e-05,0.000100175775931,3.184655966264134e-05,2.1649459052626023e-05,0.0,0.1362404336734693
gas_59ef58d465a92352,WL,test,unetpp,0.0,0.0,0.0,316.7838379715733,0.2471898943185806,0.2467803955078125,0.000137589597353,0.0004798168039673,0.0003797459003618,0.0008516300716356,0.0,0.2471898915816326
gas_869cec7f162a400d,WL,test,unetpp,0.0,0.0,0.0,316.7838379715733,0.0088289221748709,0.008697509765625,0.00021042602016,0.0006227175718987,0.000238441311936,0.0001615673042589,0.0,0.0088289221938775
gas_e1a8f88223359c38,WL,test,unetpp,0.0,0.0,0.0,316.7838379715733,0.021404655650258,0.0214080810546875,4.184628604773448e-05,5.232219702955313e-05,1.5495966960140766e-05,1.2175359726839704e-05,0.0,0.0214046556122449
gas_26130,WL,test,unetpp,0.0,0.0,0.0,155.46781034715394,0.0180763714015483,0.01763916015625,4.273096183792902e-05,5.0801605782759056e-05,3.089371062201861e-05,2.1873578497580777e-05,0.0005580357142857,0.0175183354591836
gas_35013,WL,test,attention_unet,0.341090462637424,0.2056112494112897,0.0,139.34698948268797,0.2353117018938064,0.0605316162109375,6.0913586603893245e-05,9.501579476121956e-05,4.529125195267901e-05,4.7823512557892064e-05,0.2962173150510204,0.0609056122448979
gas_a5f11d17c4137ad7,WL,test,unet,0.0,0.0,0.0,134.41726079637243,0.1061065047979354,0.086517333984375,0.000319289435881,0.0007008901374644,0.0008413066989923,0.0008785359508273,0.019351881377551,0.0867546237244897
gas_599f943d393b7123,WL,test,unetpp,0.0,0.0,0.0,131.10167724194912,0.0407366082072258,0.0338134765625,0.0002222133042367,0.0002394254123814,0.0001761572843716,2.04161610172113e-05,0.0069156568877551,0.033820950255102
gas_27117,WL,test,attention_unet,0.1263805749936767,0.0674526391576294,0.0,104.95690605452752,0.4130261540412903,0.44256591796875,3.299234428565266e-05,0.0002390999892435,0.0002806885637924,0.0003640160908516,0.0298748405612244,0.4429009885204081
gas_3a255ecf9e670be2,WL,test,unet,0.2075162587499379,0.1157702320943887,0.0,96.6839760062328,0.3181401491165161,0.04156494140625,0.0001827499925801,0.0001873087164378,7.548993493425105e-05,0.000117314536023,0.3597935267857143,0.0416533801020408
gas_26364,WL,test,unetpp,0.0,0.0,0.0,78.77182237323191,0.0257294327020645,0.024017333984375,4.030890229129187e-05,7.414735168172837e-05,4.2998822459412496e-05,2.64409389794757e-05,0.0014349489795918,0.0242944834183673
gas_cd452a5ea2593442,WL,test,unetpp,0.0,0.0,0.0,72.7951734691802,0.0331433340907096,0.02093505859375,0.0008009157495501,0.0004807860015635,0.0001317773223139,0.0001341314906173,0.0123166454081632,0.0208266900510204
gas_27365,WL,test,attention_unet,0.3192580101180438,0.1899506361118914,0.0,62.950772435207135,0.4022640287876129,0.4962921142578125,5.5050706030311685e-05,0.0002061310037289,0.0002864398121914,4.461881566502414e-05,0.0943279655612244,0.4965919961734694
gas_27519,WL,test,attention_unet,0.2002881844380403,0.1112890312249799,0.0,61.40032573203501,0.2654655575752258,0.2986602783203125,8.943834048198749e-05,0.0001421467601147,0.0001000536549,4.832485735180124e-05,0.0332429846938775,0.2987085459183674
gas_26697,WL,test,swin_unet,0.3194418253818593,0.19008078994614,0.0,56.89814267747609,0.2877072691917419,0.0672454833984375,0.000117251660497,7.521533027857787e-05,3.909714775180608e-05,9.026144598423192e-06,0.3552295918367347,0.0675223214285714
gas_26706,WL,test,unetpp,0.3343956852169649,0.2007653812187224,0.0,53.57048091833787,0.1082190722227096,0.027252197265625,4.878543317045134e-05,6.451959595716461e-05,2.645372014297357e-05,1.351580321260789e-05,0.1354033801020408,0.0271843112244897
gas_26706,WL,test,swin_unet,0.3578174186778594,0.2178913738019169,0.0,48.18971224839054,0.0975765287876129,0.027252197265625,4.878543317045134e-05,6.451959595716461e-05,2.645372014297357e-05,1.351580321260789e-05,0.1247608418367346,0.0271843112244897
gas_26674,WL,test,unetpp,0.2405040504050405,0.1366891753632085,0.0,35.618789627050035,0.0840840265154838,0.0131988525390625,0.0001161333368227,0.0002107671768924,0.0001603399243458,2.668839785984842e-05,0.0973971619897959,0.013313137755102
gas_26674,WL,test,swin_unet,0.2328743245598745,0.1317814164529493,0.0,34.058772731852805,0.0877112597227096,0.0131988525390625,0.0001161333368227,0.0002107671768924,0.0001603399243458,2.668839785984842e-05,0.101024394132653,0.013313137755102
gas_26674,WL,test,attention_unet,0.3142050799623706,0.1863839285714285,0.0,27.0,0.0581154339015483,0.0131988525390625,0.0001161333368227,0.0002107671768924,0.0001603399243458,2.668839785984842e-05,0.0714285714285714,0.013313137755102
gas_35013,WL,test,unet,0.3232665150473369,0.1927954072298277,0.0003201536737634,146.4670603701171,0.2550023794174194,0.0605316162109375,6.0913586603893245e-05,9.501579476121956e-05,4.529125195267901e-05,4.7823512557892064e-05,0.3159080038265306,0.0609056122448979
gas_25803,WL,test,swin_unet,0.5933191940615058,0.4217866566151526,0.0005265929436545,35.17101079013795,0.1222895383834838,0.210601806640625,2.200097907993739e-05,0.0001607354007132,0.0001957044811166,0.0002218155058418,0.0892059948979591,0.2114955357142857
gas_25468,WL,test,unetpp,0.5908438505320466,0.4192891261590334,0.0012557555462536,52.20153254455275,0.1647600382566452,0.2834625244140625,0.0002018484768346,0.0002428716035382,0.0002307825171194,0.000275708857927,0.118961256377551,0.2837213010204081
gas_cd452a5ea2593442,WL,test,unet,0.0,0.0,0.0013294336612603,187.87202488768816,0.1058274880051612,0.02093505859375,0.0008009157495501,0.0004807860015635,0.0001317773223139,0.0001341314906173,0.0850007971938775,0.0208266900510204
gas_59ef58d465a92352,WL,test,swin_unet,0.0733203883495145,0.0380553091993872,0.0014245014245014,47.18671389853765,0.2377829998731613,0.2467803955078125,0.000137589597353,0.0004798168039673,0.0003797459003618,0.0008516300716356,0.009406887755102,0.2471898915816326
gas_27365,WL,test,unet,0.2791532856797541,0.1622185656379179,0.0015969802555168,75.85539505363145,0.4160355627536773,0.4962921142578125,5.5050706030311685e-05,0.0002061310037289,0.0002864398121914,4.461881566502414e-05,0.0805564413265306,0.4965919961734694
gas_599f943d393b7123,WL,test,unet,0.1820908311910882,0.1001649776101814,0.0027981811822315,114.0,0.0760921537876129,0.0338134765625,0.0002222133042367,0.0002394254123814,0.0001761572843716,2.04161610172113e-05,0.059211575255102,0.033820950255102
gas_a5f11d17c4137ad7,WL,test,attention_unet,0.0059551076500229,0.0029864461291063,0.0029955067398901,112.7785157710738,0.0864955335855484,0.086517333984375,0.000319289435881,0.0007008901374644,0.0008413066989923,0.0008785359508273,0.000259088010204,0.0867546237244897
gas_35013,WL,test,unetpp,0.3545037990835798,0.2154388438491364,0.0032774945375091,124.59793154128106,0.2217992693185806,0.0605316162109375,6.0913586603893245e-05,9.501579476121956e-05,4.529125195267901e-05,4.7823512557892064e-05,0.2827048788265306,0.0609056122448979
gas_26706,WL,test,unet,0.3642189586114819,0.2226575253019915,0.0034161490683229,62.27639203220167,0.0949059277772903,0.027252197265625,4.878543317045134e-05,6.451959595716461e-05,2.645372014297357e-05,1.351580321260789e-05,0.1220902423469387,0.0271843112244897
gas_35544,WL,test,swin_unet,0.7881213784690454,0.6503302925448254,0.0034307875894988,47.13260459619295,0.2215401828289032,0.4113616943359375,3.3802317838760674e-05,0.0001450971472064,0.0001213306647262,8.3103348064764e-05,0.6335698341836735,0.4120296556122449
gas_26706,WL,test,attention_unet,0.367654986522911,0.225231175693527,0.0039906883937479,53.73496815938753,0.0935108438134193,0.027252197265625,4.878543317045134e-05,6.451959595716461e-05,2.645372014297357e-05,1.351580321260789e-05,0.1206951530612244,0.0271843112244897
gas_89c5020ed9db1d57,WL,test,unetpp,0.759399799008906,0.612122905027933,0.0058767772511848,23.01412376318774,0.138372927904129,0.3567962646484375,0.000236565771878,0.0003682372187131,0.0003085612198859,0.0001779338635175,0.2183713329081632,0.3567442602040816
gas_25501,WL,test,swin_unet,0.3366398016119032,0.2023853894893775,0.0071334214002642,55.0,0.2132493555545807,0.0542144775390625,0.0001697400201353,0.0001407471520672,0.0001368510503072,9.405821225012688e-05,0.2673588966836734,0.0541095344387755
gas_25501,WL,test,unet,0.3393537903881007,0.2043504440764714,0.0076066286335234,57.0,0.2106784135103225,0.0542144775390625,0.0001697400201353,0.0001407471520672,0.0001368510503072,9.405821225012688e-05,0.2647879464285714,0.0541095344387755
gas_27791,WL,test,unet,0.4063435068821065,0.2549755914382275,0.0100204964700523,83.74365647617735,0.2767857015132904,0.094512939453125,7.099909743817026e-05,3.4457140196727815e-05,8.529227080603618e-06,1.1573349792329988e-05,0.3715122767857143,0.0947265625
gas_26674,WL,test,unet,0.2758620689655172,0.16,0.0106436898124683,30.11226151538509,0.0698939710855484,0.0131988525390625,0.0001161333368227,0.0002107671768924,0.0001603399243458,2.668839785984842e-05,0.0832071109693877,0.013313137755102
gas_25501,WL,test,attention_unet,0.431637519872814,0.2752154080081094,0.0111273792093704,56.625961126314,0.1424984037876129,0.0542144775390625,0.0001697400201353,0.0001407471520672,0.0001368510503072,9.405821225012688e-05,0.1966079400510204,0.0541095344387755
gas_35734,WL,test,attention_unet,0.7481693363844394,0.5976601773146879,0.0124762679685381,43.0,0.2631935477256775,0.3907318115234375,3.998597527801501e-05,0.000120271227941,7.62273881591075e-05,8.164049956053167e-05,0.6541573660714286,0.3909638073979591
gas_36742,WL,test,attention_unet,0.5571014149547097,0.386098801903824,0.0136134453781512,48.0,0.2981903553009033,0.3526153564453125,1.2506630626707496e-05,0.000139160486676,0.0002313665571288,0.0001197090194621,0.3203125,0.3529575892857143
gas_35407,WL,test,attention_unet,0.3613962110593661,0.2205513092905824,0.0147804509655842,87.0617579482641,0.5629783272743225,0.71331787109375,2.0038870913969397e-05,0.000179973787356,0.000133824899756,0.0001361790821091,0.1680285395408163,0.7135483099489796
gas_36988,WL,test,swin_unet,0.5932005959637003,0.4216667950396672,0.0155367231638418,69.14187167991207,0.2992865145206451,0.51678466796875,4.786596831234318e-05,0.0001466254631405,0.0001734473385967,9.63782599411758e-05,0.218211894132653,0.5174984056122449
gas_35734,WL,test,unet,0.7532397719200569,0.6041576840160148,0.0159752986978117,42.69359402359215,0.2561583220958709,0.3907318115234375,3.998597527801501e-05,0.000120271227941,7.62273881591075e-05,8.164049956053167e-05,0.6471221301020408,0.3909638073979591
gas_4c1e9e5c3d7b04aa,WL,test,unetpp,0.3743988161302257,0.2303140646335912,0.0160049885678653,74.65252842335616,0.2022082209587097,0.0813751220703125,0.0004655308279271,0.0006741959569215,0.0002842608660152,0.0001897107344457,0.2418486926020408,0.0813735650510204
gas_5cb891a480bdc4a8,WL,test,unet,0.5588595611983517,0.387789799072643,0.0161472024033045,45.34313619501854,0.0789421200752258,0.1290283203125,0.0003548058764964,0.0007490606309308,0.0003645494049885,0.0004074788759857,0.0500039859693877,0.1289461096938775
gas_27386,WL,test,unetpp,0.3619501854795972,0.2209640892914914,0.0173207629905722,76.0,0.1919642835855484,0.08392333984375,5.072209277203683e-05,5.303518882821391e-05,2.420782664968344e-05,1.0152142132480658e-05,0.2166573660714285,0.0842036033163265
gas_9b494fd2910c7670,WL,test,attention_unet,0.4448602016422409,0.2860580136345408,0.0180853629129491,42.0,0.1064453125,0.0633697509765625,0.0005472957378587,0.0008014561057627,0.0002464618558693,0.0004346142037747,0.1282485650510204,0.0634964923469387
gas_89c5020ed9db1d57,WL,test,attention_unet,0.8026355396501555,0.6703351955307263,0.0182460270747498,24.17123563179898,0.1176060289144516,0.3567962646484375,0.000236565771878,0.0003682372187131,0.0003085612198859,0.0001779338635175,0.2391382334183673,0.3567442602040816
gas_36742,WL,test,swin_unet,0.4122856604484643,0.2596724424400665,0.0186757215619694,67.02984409947557,0.3108059763908386,0.3526153564453125,1.2506630626707496e-05,0.000139160486676,0.0002313665571288,0.0001197090194621,0.1758808992346938,0.3529575892857143
gas_a74b813fc517d364,WL,test,attention_unet,0.0403155127081507,0.0205724508050089,0.0191368078175895,55.103984270740206,0.1527622789144516,0.1558380126953125,1.6642145162880103e-05,7.277164172405536e-05,6.201409071570335e-05,1.987540618322077e-05,0.0033083545918367,0.1558713329081632
gas_26666,WL,test,attention_unet,0.4233993902439024,0.2685520908871163,0.0194229681312464,68.59300255857006,0.1809231489896774,0.0657196044921875,0.0003038335545124,7.877914279531224e-05,8.335977179742615e-05,1.4153428496740369e-05,0.2472895408163265,0.0664859693877551
gas_26697,WL,test,unet,0.3478307216714636,0.2105297115942964,0.0201159222638936,67.60361497885842,0.2438616007566452,0.0672454833984375,0.000117251660497,7.521533027857787e-05,3.909714775180608e-05,9.026144598423192e-06,0.3064014668367347,0.0675223214285714
gas_de65c35419404808,WL,test,swin_unet,0.5627193792721227,0.3915167095115681,0.0203817534778388,31.98592718520227,0.0943478941917419,0.060699462890625,0.0003312310018838,0.0003682767393162,0.0002516735477267,0.0001220390576426,0.1550542091836734,0.0607063137755102
gas_35734,WL,test,unetpp,0.7307097759484477,0.5756837657001995,0.0204335220212619,43.31050348445205,0.2881656587123871,0.3907318115234375,3.998597527801501e-05,0.000120271227941,7.62273881591075e-05,8.164049956053167e-05,0.6791294642857143,0.3909638073979591
gas_35529,WL,test,swin_unet,0.7457667868796153,0.594599775447052,0.0208220659816116,55.0,0.2950414419174194,0.43243408203125,2.0892670342473983e-05,8.984511257586782e-05,8.258464484698403e-05,7.333312366630252e-05,0.7277782206632653,0.4327367665816326
gas_35407,WL,test,unet,0.6825099466538208,0.5180380261090949,0.0210393814062219,86.83317338436964,0.3546516299247741,0.71331787109375,2.0038870913969397e-05,0.000179973787356,0.000133824899756,0.0001361790821091,0.403499681122449,0.7135483099489796
gas_34645,WL,test,unetpp,0.550357327046342,0.3796503354340313,0.0210435902941808,64.1404708432983,0.2432637065649032,0.3924713134765625,4.59765125947029e-05,0.0001667160459764,0.0002035741625175,0.0001453140315836,0.148875956632653,0.3921396683673469
gas_34868,WL,test,unetpp,0.5431457966447307,0.3728209695890062,0.0217443249701314,149.60113459504913,0.0982342138886451,0.0578155517578125,9.598456926130444e-05,0.0002150645400417,0.0001986703511173,0.0001974088343372,0.1566286670918367,0.0583944515306122
gas_26102,WL,test,attention_unet,0.1735225435602658,0.0950039339103068,0.0235745614035087,72.90336008106223,0.1833944469690323,0.0756378173828125,9.888710918854491e-05,8.334257430483039e-05,7.665022470755242e-05,1.046186961639492e-05,0.1465242346938775,0.0753746811224489
gas_35544,WL,test,attention_unet,0.8202033036848793,0.69520732364028,0.0236244474927602,29.52455771139968,0.1804846972227096,0.4113616943359375,3.3802317838760674e-05,0.0001450971472064,0.0001213306647262,8.3103348064764e-05,0.591796875,0.4120296556122449
gas_27798,WL,test,unetpp,0.3657851120559198,0.2238292618396684,0.02367941712204,46.56169382054018,0.1754025816917419,0.2010345458984375,2.1364489587814687e-05,9.845549418243234e-05,0.0001296505821275,6.309451251705175e-05,0.0749362244897959,0.2016302614795918
gas_32435,WL,test,swin_unet,0.7788352594606843,0.6377806643161996,0.0238787113076437,50.72510668765039,0.2723214328289032,0.480072021484375,5.692230471721789e-05,6.872769310757387e-05,6.062311632210383e-05,3.66447972725724e-05,0.7518136160714286,0.4794921875
gas_36151,WL,test,attention_unet,0.6720059601415533,0.506030855539972,0.0238830219333874,51.01224760407504,0.2456752210855484,0.4967803955078125,2.2575107863734657e-05,0.000249900788207,0.0003182610537339,0.0002544012451132,0.2516741071428571,0.4973493303571428
gas_26697,WL,test,attention_unet,0.3645932478584626,0.2229373502225265,0.0240986717267552,91.51283530179192,0.2261838316917419,0.0672454833984375,0.000117251660497,7.521533027857787e-05,3.909714775180608e-05,9.026144598423192e-06,0.2884446747448979,0.0675223214285714
gas_27791,WL,test,attention_unet,0.4641035700274618,0.3021711366538953,0.0241246797608881,74.85516596168284,0.2177933603525161,0.094512939453125,7.099909743817026e-05,3.4457140196727815e-05,8.529227080603618e-06,1.1573349792329988e-05,0.3116828762755102,0.0947265625
gas_37253,WL,test,swin_unet,0.6090007016137116,0.4378152471537685,0.0243837084673097,66.85992624826545,0.4664779901504516,0.826263427734375,2.2414266833192426e-05,0.0002834354229034,0.0003575880061502,0.0005728079426938,0.3633011798469387,0.8297393176020408
gas_37258,WL,test,unet,0.5750623040437334,0.4035701390142625,0.0248221466130528,78.49203781276162,0.5267259478569031,0.88214111328125,2.5525586345598228e-05,0.0003510576373947,0.0003965868810001,0.0006708461935516,0.3564054528061224,0.8831313775510204
gas_27456,WL,test,attention_unet,0.6600268807940173,0.4925672547708451,0.0249252243270189,50.00999900019995,0.1966079473495483,0.318695068359375,5.36937000054508e-05,0.0002962935243342,0.0003121897269315,0.0001161532754544,0.2603236607142857,0.3179807079081632
gas_27456,WL,test,unet,0.6569950360064322,0.4891977718777656,0.0253065073876139,53.35962754547359,0.1955516636371612,0.318695068359375,5.36937000054508e-05,0.0002962935243342,0.0003121897269315,0.0001161532754544,0.252132493622449,0.3179807079081632
gas_798920ee2bf93e51,WL,test,unetpp,0.782525786599636,0.6427452655560302,0.0253826054497947,38.055205870523686,0.1000079736113548,0.2791748046875,0.0001783635163747,0.0001206945878249,3.531885186350717e-05,2.83258535829689e-05,0.1808434311224489,0.2790178571428571
gas_27280,WL,test,unetpp,0.0717548376380699,0.0372125075372555,0.0256456564926855,157.03948491133886,0.2227558940649032,0.1006011962890625,0.0002266543804583,0.0005504525501509,0.0004021875275648,0.0003763092361562,0.1392697704081632,0.1007055165816326
gas_25678,WL,test,swin_unet,0.7019687712152071,0.5407949790794979,0.025656504678539,22.654421950500407,0.0612444207072258,0.07208251953125,3.998905111057296e-05,3.2650432061780526e-05,1.0839267692901124e-05,2.0937365915467427e-05,0.1333705357142857,0.0721261160714285
gas_27225,WL,test,unetpp,0.4791877616923455,0.3150867343266393,0.0258382929307591,94.424041930516,0.379284918308258,0.505401611328125,2.8973796800862983e-05,6.740448844149369e-05,7.744936926633428e-05,8.269190218089805e-05,0.2219786352040816,0.5062779017857143
gas_26102,WL,test,unet,0.1431372549019607,0.0770855332629355,0.0262162162162162,78.33694984537141,0.1916055530309677,0.0756378173828125,9.888710918854491e-05,8.334257430483039e-05,7.665022470755242e-05,1.046186961639492e-05,0.1482382015306122,0.0753746811224489
gas_36755,WL,test,attention_unet,0.5922228060956385,0.4206793579693915,0.0264332916592248,82.33163963106777,0.1546556055545807,0.1142120361328125,0.0002353496056532,0.0006471549800422,0.0008399583842746,0.0002434641502695,0.2640904017857143,0.1151745854591836
gas_36742,WL,test,unet,0.6127274048593784,0.4416777257805406,0.026503164556962,67.42403010096677,0.3186184763908386,0.3526153564453125,1.2506630626707496e-05,0.000139160486676,0.0002313665571288,0.0001197090194621,0.4697664221938775,0.3529575892857143
gas_35529,WL,test,unetpp,0.7678678784878169,0.6232025487213341,0.0265175317330652,48.08326112068523,0.2616390287876129,0.43243408203125,2.0892670342473983e-05,8.984511257586782e-05,8.258464484698403e-05,7.333312366630252e-05,0.6943757971938775,0.4327367665816326
gas_27277,WL,test,unetpp,0.6679877185723929,0.5014876573483734,0.0265943371262238,56.442447392060494,0.3038703799247741,0.6103515625,0.0001403505682985,0.000537567664383,0.0006168802524723,0.000456233925588,0.3056839923469387,0.6095543686224489
gas_36742,WL,test,unetpp,0.5871799381862954,0.4156084373777256,0.027278521351179,65.71526952076455,0.3274274468421936,0.3526153564453125,1.2506630626707496e-05,0.000139160486676,0.0002313665571288,0.0001197090194621,0.4401905293367347,0.3529575892857143
gas_27386,WL,test,swin_unet,0.2450187862916998,0.1396133385234202,0.0273276136002542,73.24445365529053,0.1321548223495483,0.08392333984375,5.072209277203683e-05,5.303518882821391e-05,2.420782664968344e-05,1.0152142132480658e-05,0.0908402423469387,0.0842036033163265
gas_27225,WL,test,swin_unet,0.4912714185959069,0.3256194816291655,0.0274246536209113,99.31515235064371,0.3775111734867096,0.505401611328125,2.8973796800862983e-05,6.740448844149369e-05,7.744936926633428e-05,8.269190218089805e-05,0.235790019132653,0.5062779017857143
gas_34282,WL,test,swin_unet,0.82048,0.695604991861096,0.0274782608695652,26.87005768508881,0.1229870840907096,0.2801055908203125,5.886879580985462e-05,0.0004764368035651,0.0002795453113819,4.817241634073389e-05,0.4040377869897959,0.2810507015306122
gas_26697,WL,test,unetpp,0.3700831647561249,0.22705647107495,0.0276564774381368,50.34232593238107,0.2234135866165161,0.0672454833984375,0.000117251660497,7.521533027857787e-05,3.909714775180608e-05,9.026144598423192e-06,0.2871492346938775,0.0675223214285714
gas_34864,WL,test,unetpp,0.792672016296643,0.6565506863058052,0.0276752767527675,46.01249775388816,0.3002032935619354,0.5740814208984375,6.124897542056742e-05,0.0002582528461337,0.0001969116069666,9.231062453878584e-05,0.8733657525510204,0.5745974170918368
gas_d17e8e3a43c3ea09,WL,test,unet,0.4516789982925441,0.291721805616821,0.0276834682684774,46.808632064895896,0.0960020720958709,0.039581298828125,0.0002541895863346,0.0006685745316869,0.0003100600132544,0.0001537293683413,0.1355428890306122,0.0395408163265306
gas_599f943d393b7123,WL,test,swin_unet,0.0232681121099947,0.0117710005350454,0.028014616321559,112.99358042380898,0.110431283712387,0.0338134765625,0.0002222133042367,0.0002394254123814,0.0001761572843716,2.04161610172113e-05,0.0792410714285714,0.033820950255102
gas_9f76904bd28416ac,WL,test,swin_unet,0.6707952835800007,0.5046591208212687,0.0282738095238095,54.28979388769103,0.1875199228525161,0.3787994384765625,0.0001994829582652,0.0002398987984744,0.0002202836528573,5.8686494583958925e-05,0.1913464604591837,0.3782684948979591
gas_35544,WL,test,unet,0.7873937731031592,0.6493400377121308,0.0284624413145539,48.0,0.2223772257566452,0.4113616943359375,3.3802317838760674e-05,0.0001450971472064,0.0001213306647262,8.3103348064764e-05,0.6339285714285714,0.4120296556122449
gas_25468,WL,test,attention_unet,0.7344090323154199,0.5802894071368362,0.0286352558895207,23.021728866442675,0.1190808340907096,0.2834625244140625,0.0002018484768346,0.0002428716035382,0.0002307825171194,0.000275708857927,0.1646404655612245,0.2837213010204081
gas_eb191d17dabec217,WL,test,unet,0.5754375377187688,0.403939843253548,0.0288413724515166,36.95934779718963,0.1121651753783226,0.119232177734375,0.0002306209436766,0.0002808336812454,0.0001879973518194,0.0002232016250989,0.1447504783163265,0.1194395727040816
gas_26039,WL,test,swin_unet,0.6754186602870813,0.5099110489005283,0.0290275761973875,56.0,0.2163185626268386,0.2397613525390625,2.8538247525023515e-05,4.978876982495044e-05,2.4245726185356533e-05,1.3107323818386468e-05,0.4263592155612244,0.2400948660714285
gas_35734,WL,test,swin_unet,0.7778350515463918,0.6364403205398566,0.0290591056566511,43.0,0.223333865404129,0.3907318115234375,3.998597527801501e-05,0.000120271227941,7.62273881591075e-05,8.164049956053167e-05,0.6142976721938775,0.3909638073979591
gas_67934ddd0f22d48d,WL,test,unetpp,0.3052854349165528,0.1801397363346084,0.0290764909962002,146.9366843739469,0.5168406963348389,0.113739013671875,4.862832006091729e-05,0.0003291807982955,0.0003320757883905,0.0002395427943967,0.6304009885204082,0.1135602678571428
gas_67934ddd0f22d48d,WL,test,unet,0.3224583345123228,0.1922207603818777,0.029160530191458,144.27924012933693,0.4772201776504516,0.113739013671875,4.862832006091729e-05,0.0003291807982955,0.0003320757883905,0.0002395427943967,0.5907804528061225,0.1135602678571428
gas_33203,WL,test,unetpp,0.633206203915586,0.4632785177468562,0.0300219906300793,87.73252146638791,0.2875079810619354,0.279205322265625,2.752833731994711e-05,0.0001666654844911,0.0001069546934229,4.635285334378381e-05,0.5044244260204082,0.2794164540816326
gas_8909db883335355c,WL,test,unetpp,0.5168953135070435,0.34852247330519,0.0300751879699248,42.0,0.104571908712387,0.1019439697265625,0.0001561669145906,0.0002948003099137,0.0001727316807077,5.987491196726133e-05,0.1145966198979591,0.1018614477040816
gas_32725,WL,test,unet,0.6770361619741418,0.5117571187617819,0.0302619692863595,35.34119409414458,0.0980747789144516,0.1517486572265625,7.469954890081179e-05,0.0002662770513385,0.0002102794110506,0.0003001504266568,0.152782206632653,0.1508888711734693
gas_d84bc2923f5a23aa,WL,test,unetpp,0.5377080136905464,0.3677158999192897,0.0311381531853972,51.82660980766905,0.0780652090907096,0.121368408203125,0.000500141017771,0.0008528274268107,0.0006140402675317,0.0005234589425904,0.047672193877551,0.1211933992346938
gas_34868,WL,test,unet,0.5275498241500586,0.35828025477707,0.0313424009461856,47.53945729601885,0.1044124662876129,0.0578155517578125,9.598456926130444e-05,0.0002150645400417,0.0001986703511173,0.0001974088343372,0.1626076211734693,0.0583944515306122
gas_32725,WL,test,unetpp,0.7759954901860299,0.6339809077206499,0.031650806785271,21.886951517459675,0.0871133580803871,0.1517486572265625,7.469954890081179e-05,0.0002662770513385,0.0002102794110506,0.0003001504266568,0.2380022321428571,0.1508888711734693
gas_36755,WL,test,unet,0.5575371126830726,0.3865174747893355,0.0316869979172865,80.0,0.1770168989896774,0.1142120361328125,0.0002353496056532,0.0006471549800422,0.0008399583842746,0.0002434641502695,0.2848971619897959,0.1151745854591836
gas_32272,WL,test,attention_unet,0.7369672176460833,0.5834901737646081,0.0320738137082601,38.18376618407357,0.1896524280309677,0.2651824951171875,7.89620458493372e-05,0.0003802523765718,0.0002722760472106,0.0001029607871575,0.4551578443877551,0.2658641581632653
gas_5970bae689dba9d0,WL,test,attention_unet,0.4753229095853161,0.3117531656857499,0.032507110930516,49.14005184758191,0.0769092813134193,0.093048095703125,0.0003067661344605,0.001064151716237,0.0014855013326144,0.0003594010972981,0.0533322704081632,0.0932517538265306
gas_307232f62fc12423,WL,test,unet,0.6399642644431209,0.4705495949200788,0.0334586466165413,38.52915562689539,0.1445711106061935,0.157012939453125,0.0001010852193725,0.0003919163532071,0.0004845260860081,0.0004762910047126,0.2446189413265306,0.1569276147959183
gas_35529,WL,test,attention_unet,0.7659574468085106,0.6206896551724138,0.0336678109321362,55.0,0.2619778513908386,0.43243408203125,2.0892670342473983e-05,8.984511257586782e-05,8.258464484698403e-05,7.333312366630252e-05,0.6866230867346939,0.4327367665816326
gas_34420,WL,test,swin_unet,0.5334884212752459,0.3637805722196585,0.0338340160825367,81.65261360886528,0.4396325051784515,0.6910247802734375,7.993957218785082e-05,0.0003767084489308,0.000417134856985,0.0002434789091536,0.2517538265306122,0.6906289859693877
gas_36752,WL,test,unet,0.3014001881675798,0.1774403753421086,0.0339798044558422,94.0,0.2515744566917419,0.0570220947265625,9.2398983482694e-05,8.510687371815429e-05,9.987307347101252e-05,2.165327304735715e-05,0.302555006377551,0.0575573979591836
gas_25347,WL,test,unet,0.7131077622974126,0.554131683605833,0.0341074020319303,35.34119409414458,0.1206552907824516,0.2349853515625,0.0001633162404733,0.0003491195983291,0.0004493550059226,0.0002583524701494,0.1857860331632653,0.2347735969387755
gas_33203,WL,test,attention_unet,0.736455564385739,0.5828489633035482,0.0347100175746924,39.35733730830886,0.1916653364896774,0.279205322265625,2.752833731994711e-05,0.0001666654844911,0.0001069546934229,4.635285334378381e-05,0.4478435905612244,0.2794164540816326
gas_cd801bed9d4dd20c,WL,test,attention_unet,0.5895228726020659,0.4179598953792502,0.0351351351351351,42.7551166528639,0.1330516636371612,0.170440673828125,0.0001126314541076,6.179533758525202e-05,4.599356658168642e-05,2.525993891624476e-05,0.1537388392857142,0.1704001913265306
gas_25803,WL,test,unet,0.6438759137101088,0.4747912969171103,0.0356756756756756,52.49761899362675,0.1592394709587097,0.210601806640625,2.200097907993739e-05,0.0001607354007132,0.0001957044811166,0.0002218155058418,0.2356505102040816,0.2114955357142857
gas_35742,WL,test,unet,0.7213170836005987,0.5641094241187881,0.0360100134796841,45.18627763752087,0.1298828125,0.1728973388671875,3.873033590178066e-05,0.0002175656315691,0.0002209240852047,9.762439678865532e-05,0.2927295918367347,0.1733298788265306
gas_37258,WL,test,attention_unet,0.4895781849169152,0.3241334175844015,0.0363697403760071,74.0,0.5968790054321289,0.88214111328125,2.5525586345598228e-05,0.0003510576373947,0.0003965868810001,0.0006708461935516,0.2862523915816326,0.8831313775510204
gas_26667,WL,test,swin_unet,0.6765874849801276,0.5112445872328537,0.0365721705258602,58.69412236331676,0.1394690722227096,0.1612091064453125,4.814741143828197e-05,0.0001328704814016,0.0001584167245695,9.375850763132546e-05,0.2695910395408163,0.1616509885204081
gas_5cb891a480bdc4a8,WL,test,unetpp,0.5968336586423769,0.4253477588871716,0.0368577810871183,47.05004677514102,0.0740991681814193,0.1290283203125,0.0003548058764964,0.0007490606309308,0.0003645494049885,0.0004074788759857,0.0548469387755102,0.1289461096938775
gas_26102,WL,test,unetpp,0.3044353074971568,0.1795480342585904,0.0368581596339603,74.18575955005335,0.1584622114896774,0.0756378173828125,9.888710918854491e-05,8.334257430483039e-05,7.665022470755242e-05,1.046186961639492e-05,0.1524433992346938,0.0753746811224489
gas_817ad9575f439519,WL,test,unet,0.6494380108991825,0.4808650148162158,0.0372079178449174,101.18000973222097,0.1641023606061935,0.1901702880859375,0.0001863606123238,0.0001762003773604,0.0001123737182678,5.984194544352673e-05,0.2782405931122449,0.1898716517857142
gas_8d28577af362e689,WL,test,attention_unet,0.8158743155416815,0.6890098967111803,0.0377785515320334,25.62030266421987,0.1434151828289032,0.423980712890625,0.000199303956082,0.000888126395718,0.0008369924236158,0.0010557619730717,0.3552495216836734,0.423648756377551
gas_33301,WL,test,swin_unet,0.7766586469844635,0.6348666666666667,0.038247897159181,41.08281690531461,0.2183115482330322,0.439178466796875,5.325822801211803e-05,7.982805080960402e-05,6.617550504023584e-05,0.0001116001715219,0.5378268494897959,0.4396524234693877
gas_26039,WL,test,attention_unet,0.7176728303588686,0.5596643722051952,0.0392436674991081,58.0,0.1746651828289032,0.2397613525390625,2.8538247525023515e-05,4.978876982495044e-05,2.4245726185356533e-05,1.3107323818386468e-05,0.3785674426020408,0.2400948660714285
gas_c881d80e23e5121a,WL,test,swin_unet,0.5128329297820823,0.3448388147183328,0.0392738051130048,34.828149534536,0.0801977068185806,0.04351806640625,0.0001337457483662,0.0001365947372176,2.752281237910406e-05,4.021081675460671e-05,0.12109375,0.0435267857142857
gas_35742,WL,test,attention_unet,0.7592791949450035,0.611966198883356,0.0395837584166496,24.174364466271744,0.1024992018938064,0.1728973388671875,3.873033590178066e-05,0.0002175656315691,0.0002209240852047,9.762439678865532e-05,0.2524713010204081,0.1733298788265306
gas_36815,WL,test,unetpp,0.7606943350954148,0.6138068731848983,0.0397972592453538,27.29468812791236,0.1272122114896774,0.2015228271484375,0.0001137784876662,0.0002071624018117,0.0001287032598986,0.0001626739023806,0.3294005102040816,0.2021882971938775
gas_eb191d17dabec217,WL,test,attention_unet,0.6318941369651309,0.4618751765038125,0.0399480350763234,27.65863337187866,0.0759526491165161,0.119232177734375,0.0002306209436766,0.0002808336812454,0.0001879973518194,0.0002232016250989,0.0868941326530612,0.1194395727040816
gas_35851,WL,test,swin_unet,0.6903031821598596,0.5270709776162235,0.0403808852054311,48.84823390088528,0.1970663219690323,0.2189788818359375,8.173060701816359e-05,0.0002006972139246,0.0001359938728213,5.541892767331602e-05,0.4166932397959184,0.2196269132653061
gas_36755,WL,test,unetpp,0.6430661864025213,0.4739112401493156,0.0408552882779686,65.00769185258002,0.1263950914144516,0.1142120361328125,0.0002353496056532,0.0006471549800422,0.0008399583842746,0.0002434641502695,0.2389389349489795,0.1151745854591836
gas_25748,WL,test,unet,0.6886681532535982,0.5251669552312639,0.0411199783579061,54.08326913195984,0.1530412882566452,0.1741180419921875,7.417085528703803e-05,0.0001405958663519,6.873609210818585e-05,7.447987371340186e-05,0.3174426020408163,0.1741270727040816
gas_9f473facf6744b3b,WL,test,unet,0.2179003386550556,0.1222716907373221,0.0412660256410256,70.33810993538032,0.1610929518938064,0.023284912109375,0.0001564543046698,0.0005503007961512,0.0003879406472146,0.0001055685462862,0.1827168367346938,0.023258131377551
gas_36024,WL,test,swin_unet,0.3196582355733369,0.1902340597255851,0.041391304347826,145.41320435228707,0.5998684763908386,0.740631103515625,3.8472234830309136e-05,0.0003183506891278,0.0002309508617537,0.0002346125704873,0.1410235969387755,0.7406927614795918
gas_36802,WL,test,unetpp,0.3902539042476848,0.2424319619581369,0.0417947141979102,154.02775301666486,0.3556082546710968,0.113555908203125,3.699113804601663e-05,5.926414370827981e-05,7.98511575019837e-05,1.375465338860972e-05,0.4694076849489796,0.1137994260204081
gas_ebb3196cddd73b79,WL,test,unetpp,0.6204816438097931,0.4497813610276032,0.0418864412038473,66.2872536767062,0.1604950577020645,0.1439666748046875,0.0002417453986298,0.0003785539126843,0.0003179704832429,9.131893285033828e-05,0.2790377869897959,0.1438536352040816
gas_36151,WL,test,unetpp,0.6668249195547818,0.5001780556324932,0.0421164664740763,49.19806880800404,0.2517538368701935,0.4967803955078125,2.2575107863734657e-05,0.000249900788207,0.0003182610537339,0.0002544012451132,0.2582708864795918,0.4973493303571428
gas_9b494fd2910c7670,WL,test,unetpp,0.0161892901618929,0.0081607030759573,0.0421768707482993,61.5223536610881,0.0629783198237419,0.0633697509765625,0.0005472957378587,0.0008014561057627,0.0002464618558693,0.0004346142037747,0.0005181760204081,0.0634964923469387
gas_26039,WL,test,unet,0.6930904216427005,0.5303277542076553,0.0424459261668564,61.0,0.2007732838392257,0.2397613525390625,2.8538247525023515e-05,4.978876982495044e-05,2.4245726185356533e-05,1.3107323818386468e-05,0.4140824298469387,0.2400948660714285
gas_25347,WL,test,unetpp,0.5918176504967855,0.4202706067900722,0.0426128399215026,44.654227123532216,0.1391900479793548,0.2349853515625,0.0001633162404733,0.0003491195983291,0.0004493550059226,0.0002583524701494,0.1062260841836734,0.2347735969387755
gas_25862,WL,test,unetpp,0.6667476258713234,0.5000910846358436,0.0427326787442953,48.76166504456119,0.2734574377536773,0.54486083984375,3.8421685623531016e-05,0.000306545039926,0.0003182264211308,0.0004297977619459,0.2751315369897959,0.5454400510204082
gas_35742,WL,test,unetpp,0.7169018817204301,0.5587272489197329,0.0429436593870435,45.5411901469428,0.1343271732330322,0.1728973388671875,3.873033590178066e-05,0.0002175656315691,0.0002209240852047,9.762439678865532e-05,0.3011599170918367,0.1733298788265306
gas_27386,WL,test,unet,0.4992459510851747,0.3326634044040545,0.0433452320244773,76.15773105863909,0.1522042453289032,0.08392333984375,5.072209277203683e-05,5.303518882821391e-05,2.420782664968344e-05,1.0152142132480658e-05,0.2197464923469387,0.0842036033163265
gas_35573,WL,test,unetpp,0.4678759717630238,0.3053773474862942,0.0441870441870441,64.63590316885372,0.1186822354793548,0.0515594482421875,6.077014449991085e-05,0.0002472940631041,0.0001963705843253,0.0001046990055083,0.1708585778061224,0.0521763392857142
gas_32649,WL,test,attention_unet,0.67389691776442,0.5081783812977394,0.0443048437758307,49.251903320319386,0.2540856301784515,0.4580230712890625,1.3726746806691315e-05,0.0002648864658884,0.0002407896557032,0.0003074707513614,0.3210897640306122,0.4580676020408163
gas_cd801bed9d4dd20c,WL,test,unet,0.6289942449986298,0.4587830814743743,0.0444174757281553,47.5777357711984,0.1349051296710968,0.170440673828125,0.0001126314541076,6.179533758525202e-05,4.599356658168642e-05,2.525993891624476e-05,0.1932198660714285,0.1704001913265306
gas_25933,WL,test,unet,0.0262946069224577,0.0133224578575312,0.0445443400081732,68.6804193347711,0.1446508318185806,0.034423828125,4.736221213141991e-05,4.425172782451986e-05,2.260865348709156e-05,6.413011353019146e-06,0.1137595663265306,0.034797512755102
gas_67934ddd0f22d48d,WL,test,attention_unet,0.3878565107889183,0.2405843607498733,0.0447552447552447,145.6639969244288,0.3584582209587097,0.113739013671875,4.862832006091729e-05,0.0003291807982955,0.0003320757883905,0.0002395427943967,0.4720184948979591,0.1135602678571428
gas_36752,WL,test,attention_unet,0.3208629009367016,0.1910879707891,0.0447619047619047,103.0,0.2384207546710968,0.0570220947265625,9.2398983482694e-05,8.510687371815429e-05,9.987307347101252e-05,2.165327304735715e-05,0.2935068558673469,0.0575573979591836
gas_4c1e9e5c3d7b04aa,WL,test,unet,0.473117033603708,0.3098580860590422,0.0448618784530386,65.50570893125105,0.1812420338392257,0.0813751220703125,0.0004655308279271,0.0006741959569215,0.0002842608660152,0.0001897107344457,0.2626155931122449,0.0813735650510204
gas_35342,WL,test,swin_unet,0.6092932914985806,0.4381177481736141,0.0449000778614067,32.2490309931942,0.1042331010103225,0.088104248046875,3.209825826809582e-05,6.684662579507618e-05,5.1779100116251606e-05,5.080440278663434e-06,0.1782525510204081,0.0885283801020408
gas_2c5242c3a74d64a1,WL,test,unet,0.8278626910548734,0.7062847370671227,0.0451538682772505,22.0,0.1232262402772903,0.3731842041015625,0.0003309755709125,0.001304315235315,0.0021777751058212,0.0008116907999321,0.3432318239795918,0.3726283482142857
gas_34868,WL,test,attention_unet,0.5320018157058557,0.3623995052566481,0.0453522032807976,49.0,0.1027383580803871,0.0578155517578125,9.598456926130444e-05,0.0002150645400417,0.0001986703511173,0.0001974088343372,0.1611328125,0.0583944515306122
gas_34598,WL,test,attention_unet,0.6522970198909889,0.4840065129471085,0.0455404708712837,82.86373287110138,0.1957908123731613,0.363525390625,3.782347873209823e-05,0.0001443338562237,0.0001424125701217,0.0001462350848916,0.1991191007653061,0.3639787946428571
gas_3a255ecf9e670be2,WL,test,attention_unet,0.4377421719551785,0.2801984180185011,0.0455912983105762,94.63190827266854,0.1070033460855484,0.04156494140625,0.0001827499925801,0.0001873087164378,7.548993493425105e-05,0.000117314536023,0.1486567283163265,0.0416533801020408
gas_27429,WL,test,attention_unet,0.5741720629047179,0.4026937949290218,0.0458208247748459,85.62475818970081,0.4587053656578064,0.76800537109375,0.0001989735668909,0.0004982036376456,0.0004910106670423,0.0006047808426243,0.3092514349489796,0.7679567920918368
gas_25678,WL,test,unetpp,0.6828439240864885,0.5184229390681003,0.0459733671528218,28.287805677203483,0.0669443532824516,0.07208251953125,3.998905111057296e-05,3.2650432061780526e-05,1.0839267692901124e-05,2.0937365915467427e-05,0.1389508928571428,0.0721261160714285
gas_32649,WL,test,swin_unet,0.6882045088566827,0.5246278962712905,0.0462408516300731,66.78436886178896,0.2469706684350967,0.4580230712890625,1.3726746806691315e-05,0.0002648864658884,0.0002407896557032,0.0003074707513614,0.3340242346938775,0.4580676020408163
gas_ebb3196cddd73b79,WL,test,swin_unet,0.4373662469516747,0.2798904388814574,0.0463182897862232,51.94467659697908,0.2253069132566452,0.1439666748046875,0.0002417453986298,0.0003785539126843,0.0003179704832429,9.131893285033828e-05,0.2565967793367347,0.1438536352040816
gas_399089815c853d04,WL,test,attention_unet,0.3777265338524931,0.2328377685603765,0.0466061933062245,54.722894128507306,0.3280652165412903,0.388458251953125,5.342696948011099e-05,0.0001558744724626,0.0002112177038313,7.307166342595991e-05,0.1387715242346938,0.3884327168367347
gas_37258,WL,test,unetpp,0.4258614564831261,0.2705361978696515,0.0466161551303454,85.99883571590372,0.6442123651504517,0.88214111328125,2.5525586345598228e-05,0.0003510576373947,0.0003965868810001,0.0006708461935516,0.2389190051020408,0.8831313775510204
gas_ace9f625447dd6ba,WL,test,unet,0.6708375140175884,0.5047069271758436,0.0468259715182235,33.16693301770672,0.1111487597227096,0.156829833984375,0.0001623967427257,0.0002131311433701,0.0003755596698386,0.0001680188185236,0.1815011160714285,0.1561702806122449
gas_26825,WL,test,swin_unet,0.6561732326448912,0.4882870683818551,0.046938775510204,25.25963575183261,0.0753148943185806,0.07232666015625,5.6648586730224576e-05,8.744119114710938e-05,6.509501128776243e-05,2.9806799392866184e-05,0.1471819196428571,0.0718670280612244
gas_25933,WL,test,attention_unet,0.0164207825529185,0.0082783598499547,0.0470415288496876,174.01034147535236,0.1528021395206451,0.034423828125,4.736221213141991e-05,4.425172782451986e-05,2.260865348709156e-05,6.413011353019146e-06,0.120555644132653,0.034797512755102
gas_27596,WL,test,unetpp,0.2312248282397536,0.1307259576747924,0.0470834423227831,111.1220048493238,0.1293447017669677,0.1181640625,1.7021702830186013e-05,6.378073212988305e-05,7.932143268524788e-05,3.286804388162351e-05,0.0502830038265306,0.1179647640306122
gas_48de9b8011978ea3,WL,test,unet,0.2743251726302573,0.158966897053474,0.0471367354888975,80.5338589175791,0.0460778065025806,0.0482025146484375,0.0001495774738674,0.000684853448284,0.0005253175516806,0.0003516308902001,0.0152463329081632,0.0482501594387755
gas_26836,WL,test,unetpp,0.5036966118823467,0.3366273283093985,0.0471523668639053,124.0124992461457,0.1859654039144516,0.0951080322265625,4.841612271087965e-05,0.0001551310774789,9.73407742802374e-05,8.23593392597498e-05,0.2800542091836734,0.0946468431122449
gas_35529,WL,test,unet,0.7662465714132052,0.6210694565533276,0.0471527956712187,55.0,0.2598652839660644,0.43243408203125,2.0892670342473983e-05,8.984511257586782e-05,8.258464484698403e-05,7.333312366630252e-05,0.6789700255102041,0.4327367665816326
gas_27117,WL,test,unetpp,0.2708106426015248,0.1566113285643586,0.047507917986331,68.0294054067798,0.3736049234867096,0.44256591796875,3.299234428565266e-05,0.0002390999892435,0.0002806885637924,0.0003640160908516,0.0694555165816326,0.4429009885204081
gas_9f9e7b8fed814fd1,WL,test,attention_unet,0.3757030371203599,0.2313019390581717,0.0476068594829792,54.03694588930781,0.1106106489896774,0.1138153076171875,0.0002069831528717,0.0004986686227473,0.0004064762232814,5.9683099477775183e-05,0.0632772640306122,0.113899075255102
gas_34420,WL,test,attention_unet,0.6678703828201533,0.5013554043142231,0.0477735947033623,66.31726256226102,0.3446069955825805,0.6910247802734375,7.993957218785082e-05,0.0003767084489308,0.000417134856985,0.0002434789091536,0.3469387755102041,0.6906289859693877
gas_34991,WL,test,unetpp,0.4559835768626977,0.2953230095416862,0.0479354532510678,66.1996963163702,0.1795679181814193,0.081695556640625,5.053666289384744e-05,0.0001543029811295,0.0001483020516226,2.2578385284938217e-05,0.2483657525510204,0.0817123724489796
gas_26825,WL,test,attention_unet,0.3919129082426127,0.2437137330754352,0.0481391585760517,32.0,0.0545479916036129,0.07232666015625,5.6648586730224576e-05,8.744119114710938e-05,6.509501128776243e-05,2.9806799392866184e-05,0.017837213010204,0.0718670280612244
gas_8efe14a382645a12,WL,test,unet,0.746741306081268,0.5958397174539694,0.0482153137593552,63.79184725662648,0.3101682066917419,0.7680816650390625,0.000119199910304,0.0002297568729682,0.0002125154671947,0.0002832738571166,0.4573102678571428,0.7673987563775511
gas_36955,WL,test,unetpp,0.7595695181348018,0.6123434801381693,0.0485997602702408,55.14526271584895,0.2862922549247741,0.4577789306640625,2.2793254953071265e-05,0.000109637140957,8.243562870437564e-05,5.126827342832429e-05,0.7326610331632653,0.4580875318877551
gas_25748,WL,test,attention_unet,0.5537992145152391,0.3829338360714606,0.0487234807623157,66.75327707311455,0.2739756107330322,0.1741180419921875,7.417085528703803e-05,0.0001405958663519,6.873609210818585e-05,7.447987371340186e-05,0.4398915816326531,0.1741270727040816
gas_35056,WL,test,swin_unet,0.777535441657579,0.6360392506690455,0.0491171098031256,21.18962010041709,0.1301020383834839,0.3565521240234375,3.149278061744348e-05,0.0002319277861686,0.000196405956917,0.000149017644697,0.2273796237244898,0.3574418048469387
gas_36752,WL,test,unetpp,0.292502983617229,0.1713051213623078,0.049218980253463,96.04686356149271,0.2599250674247741,0.0570220947265625,9.2398983482694e-05,8.510687371815429e-05,9.987307347101252e-05,2.165327304735715e-05,0.3098294005102041,0.0575573979591836
gas_33266,WL,test,unet,0.7779530928248602,0.6365983893557423,0.0494039925319546,44.28317965096906,0.1654775142669677,0.3318939208984375,2.2247361914020683e-05,0.0001698075555998,0.0001542268874664,9.682295708387338e-05,0.4141820790816326,0.3310546875
gas_35342,WL,test,unetpp,0.5832840916551769,0.4117156362962276,0.0495517928286852,34.655446902326915,0.1264947354793548,0.088104248046875,3.209825826809582e-05,6.684662579507618e-05,5.1779100116251606e-05,5.080440278663434e-06,0.2150231186224489,0.0885283801020408
gas_34991,WL,test,unet,0.5378575030617391,0.3678557351202207,0.0496911093204405,54.27930541305652,0.1278499662876129,0.081695556640625,5.053666289384744e-05,0.0001543029811295,0.0001483020516226,2.2578385284938217e-05,0.1949338329081632,0.0817123724489796
gas_25748,WL,test,unetpp,0.5457679050172348,0.3752962865420068,0.0498745294855708,66.72405518400068,0.2836415767669678,0.1741180419921875,7.417085528703803e-05,0.0001405958663519,6.873609210818585e-05,7.447987371340186e-05,0.4503148915816326,0.1741270727040816
gas_25347,WL,test,swin_unet,0.7221335992023928,0.5651088398221112,0.0501988071570576,31.04834939252005,0.1110889688134193,0.2349853515625,0.0001633162404733,0.0003491195983291,0.0004493550059226,0.0002583524701494,0.1650191326530612,0.2347735969387755
gas_36113,WL,test,swin_unet,0.5084709149822558,0.3409057993503403,0.0504239178937974,115.54045133453856,0.6348851919174194,0.963775634765625,4.703468958186295e-05,0.000450062663356,0.0003443220394507,0.0010708631863301,0.3283840880102041,0.9632692920918368
gas_70465dc14f05463f,WL,test,attention_unet,0.5576388888888889,0.3866153105440539,0.0511811023622047,88.64251032118221,0.05078125,0.037322998046875,0.0001798650805997,0.0003499502921858,0.0002293119691526,0.0001604621989301,0.0775470344387755,0.0372488839285714
gas_25933,WL,test,unetpp,0.0154941896788704,0.0078075809092053,0.0514170040485829,79.67307392979745,0.1570272594690323,0.034423828125,4.736221213141991e-05,4.425172782451986e-05,2.260865348709156e-05,6.413011353019146e-06,0.1247010522959183,0.034797512755102
gas_27365,WL,test,unetpp,0.6069743417930034,0.4357237343167515,0.0514754532221781,58.75881936501764,0.2805524468421936,0.4962921142578125,5.5050706030311685e-05,0.0002061310037289,0.0002864398121914,4.461881566502414e-05,0.217235331632653,0.4965919961734694
gas_6ddaa81227149783,WL,test,attention_unet,0.810889645114244,0.6819296811120196,0.0517078694093225,27.0,0.1317960768938064,0.415069580078125,8.398924266699855e-05,0.0001396189232489,0.0001504854695555,1.6957092194484096e-05,0.2827248086734694,0.4142020089285714
gas_35573,WL,test,attention_unet,0.5430971890882689,0.3727751673074185,0.0519641969169567,53.08812564903424,0.0877909734845161,0.0515594482421875,6.077014449991085e-05,0.0002472940631041,0.0001963705843253,0.0001046990055083,0.1399673150510204,0.0521763392857142
gas_27225,WL,test,unet,0.5056622626845787,0.338385526951224,0.0519650655021834,89.7941951619497,0.3549505770206451,0.505401611328125,2.8973796800862983e-05,6.740448844149369e-05,7.744936926633428e-05,8.269190218089805e-05,0.2117546237244898,0.5062779017857143
gas_5cb891a480bdc4a8,WL,test,attention_unet,0.682549378945225,0.5180834621329212,0.0520231213872832,37.56660353164563,0.0621412619948387,0.1290283203125,0.0003548058764964,0.0007490606309308,0.0003645494049885,0.0004074788759857,0.0668048469387755,0.1289461096938775
gas_9b494fd2910c7670,WL,test,unet,0.4086270871985157,0.256776450014573,0.0520479746548993,50.21951811795888,0.1524633318185806,0.0633697509765625,0.0005472957378587,0.0008014561057627,0.0002464618558693,0.0004346142037747,0.1943160076530612,0.0634964923469387
gas_34868,WL,test,swin_unet,0.4983813256091327,0.3318960626347441,0.0520868113522537,48.0,0.1173469424247741,0.0578155517578125,9.598456926130444e-05,0.0002150645400417,0.0001986703511173,0.0001974088343372,0.1755420918367347,0.0583944515306122
gas_1e64d1109280f3b7,WL,test,swin_unet,0.8777923784494087,0.7822014051522248,0.0525154457193292,22.020443990990717,0.1408641636371612,0.5747833251953125,0.000333612174164,0.0006494696504728,0.0003473726402003,0.0004304296390095,0.5773477359693877,0.5753148915816326
gas_27117,WL,test,unet,0.4395002807411566,0.2816407304128812,0.0527917237182412,48.41265125570236,0.3183195292949676,0.44256591796875,3.299234428565266e-05,0.0002390999892435,0.0002806885637924,0.0003640160908516,0.1250199298469387,0.4429009885204081
gas_25615,WL,test,attention_unet,0.6492307692307693,0.4806378132118451,0.0528218517774653,32.0,0.0999681130051612,0.1493072509765625,5.297464535412807e-05,4.392572750692226e-05,2.3990515395915794e-05,1.69182197348379e-05,0.1363799426020408,0.1486168686224489
gas_34282,WL,test,unetpp,0.8070366756586121,0.6764974741400048,0.0528461914858913,35.08559800903754,0.1340082883834839,0.2801055908203125,5.886879580985462e-05,0.0004764368035651,0.0002795453113819,4.817241634073389e-05,0.4134247448979591,0.2810507015306122
gas_26130,WL,test,unet,0.0539314516129032,0.0277130277130277,0.0532063847661719,91.0,0.0748166441917419,0.01763916015625,4.273096183792902e-05,5.0801605782759056e-05,3.089371062201861e-05,2.1873578497580777e-05,0.0615632971938775,0.0175183354591836
gas_32649,WL,test,unet,0.6834945586457074,0.5191733639494833,0.05330053300533,49.64876634922564,0.2503986060619354,0.4580230712890625,1.3726746806691315e-05,0.0002648864658884,0.0002407896557032,0.0003074707513614,0.3330676020408163,0.4580676020408163
gas_63d8054530464346,WL,test,attention_unet,0.7041210825039073,0.5433540688079218,0.0535323383084577,39.26769950797918,0.1433753222227096,0.298583984375,0.0001102219471968,0.0002867540353264,0.0002905197987677,0.0001910421975608,0.1867227359693877,0.2978515625
gas_32272,WL,test,unetpp,0.7840919133893063,0.6448611716819305,0.053712746253578,29.17532117774408,0.1460658460855484,0.2651824951171875,7.89620458493372e-05,0.0003802523765718,0.0002722760472106,0.0001029607871575,0.4106544961734694,0.2658641581632653
gas_27519,WL,test,unet,0.5175542406311637,0.3491218733368813,0.0539361491175887,48.0,0.1949936151504516,0.2986602783203125,8.943834048198749e-05,0.0001421467601147,0.0001000536549,4.832485735180124e-05,0.10546875,0.2987085459183674
gas_34991,WL,test,attention_unet,0.4835971829290315,0.3189107653223245,0.054066872184017,64.41273166075166,0.170978158712387,0.081695556640625,5.053666289384744e-05,0.0001543029811295,0.0001483020516226,2.2578385284938217e-05,0.2493821747448979,0.0817123724489796
gas_7b7e8f2940736ed3,WL,test,unet,0.7472384665367121,0.5964730290456431,0.0545614549721325,27.16154628075972,0.1473014950752258,0.273193359375,0.0004478657581433,0.0009356740630136,0.0004253296035993,0.0003955124996397,0.3097696109693877,0.2729990433673469
gas_9f473facf6744b3b,WL,test,unetpp,0.1861861861861861,0.1026490066225165,0.0546614872364039,81.39686699565232,0.1944355815649032,0.023284912109375,0.0001564543046698,0.0005503007961512,0.0003879406472146,0.0001055685462862,0.2156608737244898,0.023258131377551
gas_a57cf7228b2a7836,WL,test,unetpp,0.6264524458470807,0.4560835509138381,0.0550938019472809,32.57299494980466,0.1037946417927742,0.1018524169921875,0.0004140872051811,0.0007696713290555,0.0005816151298932,0.0002565014569832,0.1756816007653061,0.102180325255102
gas_d84bc2923f5a23aa,WL,test,swin_unet,0.6504265402843602,0.4819497120382076,0.0553272209927284,44.7967421340214,0.0735012739896774,0.121368408203125,0.000500141017771,0.0008528274268107,0.0006140402675317,0.0005234589425904,0.0890664859693877,0.1211933992346938
gas_3dbd875cfccb39c1,WL,test,unetpp,0.4321035936209968,0.2755944792417272,0.0554034126816937,85.56284240252891,0.2604631781578064,0.1048431396484375,0.0001751054386076,0.0007706768812189,0.0008571868610804,0.0001741837030329,0.3538743622448979,0.1047712053571428
gas_36096,WL,test,unet,0.6965670308131323,0.5344095532950022,0.0557728523830218,35.97351367704109,0.2098014950752258,0.39306640625,7.094462920655848e-05,0.0003725680495139,0.0006096955916294,0.0001751934669454,0.2981704400510204,0.3932557397959184
gas_d17e8e3a43c3ea09,WL,test,attention_unet,0.5053489556800815,0.338104976141786,0.055783170501103,65.65426290855939,0.0774075239896774,0.039581298828125,0.0002541895863346,0.0006685745316869,0.0003100600132544,0.0001537293683413,0.1169483418367346,0.0395408163265306
gas_25803,WL,test,unetpp,0.7237679995410475,0.56711318888789,0.0562595032944754,26.46556628965456,0.0959622114896774,0.210601806640625,2.200097907993739e-05,0.0001607354007132,0.0001957044811166,0.0002218155058418,0.1359016262755102,0.2114955357142857
gas_4c1e9e5c3d7b04aa,WL,test,attention_unet,0.4679010209378785,0.3053986898576914,0.0563961485557083,61.84658438426491,0.1838528364896774,0.0813751220703125,0.0004655308279271,0.0006741959569215,0.0002842608660152,0.0001897107344457,0.2641501913265306,0.0813735650510204
gas_37253,WL,test,unet,0.7181847470888756,0.5602872531418313,0.0564006888633754,48.71857232589437,0.3660913705825805,0.826263427734375,2.2414266833192426e-05,0.0002834354229034,0.0003575880061502,0.0005728079426938,0.4693080357142857,0.8297393176020408
gas_34864,WL,test,unet,0.790233896470186,0.6532121326299924,0.0564210105851807,48.5772333424115,0.2934869229793548,0.5740814208984375,6.124897542056742e-05,0.0002582528461337,0.0001969116069666,9.231062453878584e-05,0.8245176977040817,0.5745974170918368
gas_ebb3196cddd73b79,WL,test,attention_unet,0.5482060449839937,0.3776059564719358,0.0565313951140722,60.91633487388294,0.2165776491165161,0.1439666748046875,0.0002417453986298,0.0003785539126843,0.0003179704832429,9.131893285033828e-05,0.3355189732142857,0.1438536352040816
gas_35629,WL,test,unetpp,0.7392239640753986,0.5863245675773668,0.0565989194751736,52.0,0.3865593075752258,0.9350128173828124,9.48107469253385e-05,0.0004564880326721,0.0004632485704992,0.0012148704934741,0.5479113520408163,0.9344308035714286
gas_26364,WL,test,attention_unet,0.3117056856187291,0.1846275752773375,0.0567765567765567,87.88740961486114,0.041015625,0.024017333984375,4.030890229129187e-05,7.414735168172837e-05,4.2998822459412496e-05,2.64409389794757e-05,0.0352957589285714,0.0242944834183673
gas_25615,WL,test,unetpp,0.2469593420595389,0.1408748513281353,0.0569288389513108,64.41583514167705,0.1295639276504516,0.1493072509765625,5.297464535412807e-05,4.392572750692226e-05,2.3990515395915794e-05,1.69182197348379e-05,0.0234375,0.1486168686224489
gas_35737,WL,test,unet,0.876820339528522,0.7806590257879656,0.0577288780222765,24.186773244895647,0.1525629758834839,0.5659027099609375,4.727751204845593e-05,0.0001422035695321,0.0001098082528875,8.980139109580662e-05,0.6730110012755102,0.5655293367346939
gas_35342,WL,test,unet,0.5063839489284085,0.3390322088230804,0.0577474101829402,65.74420051347539,0.1725924760103225,0.088104248046875,3.209825826809582e-05,6.684662579507618e-05,5.1779100116251606e-05,5.080440278663434e-06,0.2611208545918367,0.0885283801020408
gas_33027,WL,test,swin_unet,0.6199022697173129,0.4491727332892124,0.0578114246386785,67.87284881988037,0.3317522406578064,0.3787841796875,6.526407536169775e-05,0.0002695756696933,0.0002388945088732,9.31125096902077e-05,0.4943997130102041,0.3784080038265306
gas_36123,WL,test,unetpp,0.6796726838519351,0.5147759010506716,0.0581339134638627,65.27633568147036,0.3635602593421936,0.7473297119140625,2.7489817003318108e-05,0.0002945068072767,0.0003597891532027,0.0003497262173953,0.3874960140306122,0.7474689094387755
gas_26666,WL,test,unetpp,0.3933878484129077,0.2448555166374781,0.0581689428426909,61.61209294344836,0.1374960094690323,0.0657196044921875,0.0003038335545124,7.877914279531224e-05,8.335977179742615e-05,1.4153428496740369e-05,0.1601761798469387,0.0664859693877551
gas_27791,WL,test,unetpp,0.6129263913824058,0.4418845456898783,0.0582199420031229,80.75730408389741,0.0859375,0.094512939453125,7.099909743817026e-05,3.4457140196727815e-05,8.529227080603618e-06,1.1573349792329988e-05,0.1272919323979592,0.0947265625
gas_26092,WL,test,swin_unet,0.809750129405675,0.6803194433462482,0.0582370269657829,22.813370665552508,0.080576367676258,0.2512969970703125,4.684563925249023e-05,9.968194060315408e-05,7.796911254870228e-05,3.321021927728054e-05,0.1714963329081632,0.2520328443877551
gas_25760,WL,test,attention_unet,0.6014023976475911,0.430003881485315,0.0583349812141585,35.67209935374455,0.1756018847227096,0.3076324462890625,6.061146478992684e-05,0.0004157413198312,0.000310982548518,0.0002986300970037,0.1325334821428571,0.3080157844387755
gas_33749,WL,test,unet,0.8347398477157361,0.7163549239020938,0.0584332440926551,33.0,0.2076291441917419,0.7047119140625,5.068082931535432e-05,0.0003301209109205,0.000442546432743,0.0002693141055057,0.5522361288265306,0.7041414221938775
gas_de65c35419404808,WL,test,attention_unet,0.68318941347987,0.5188213251575541,0.0585260115606936,27.202941017470888,0.0563018172979354,0.060699462890625,0.0003312310018838,0.0003682767393162,0.0002516735477267,0.0001220390576426,0.117008131377551,0.0607063137755102
gas_27519,WL,test,unetpp,0.5644732546751854,0.393216815021766,0.0585725368502715,47.01063709417264,0.1861248463392257,0.2986602783203125,8.943834048198749e-05,0.0001421467601147,0.0001000536549,4.832485735180124e-05,0.1286471619897959,0.2987085459183674
gas_662b6efe64b3c9c2,WL,test,unet,0.6970876075934441,0.5350226244343892,0.0585946997325553,76.61199959609485,0.2047991007566452,0.3730926513671875,0.0001845262129522,0.0003733602683133,0.0004868493264803,0.0003048671852252,0.3032924107142857,0.3728077168367347
gas_7b7e8f2940736ed3,WL,test,attention_unet,0.6856286427976687,0.521639975674032,0.0588150289017341,49.2366621002582,0.1881178319454193,0.273193359375,0.0004478657581433,0.0009356740630136,0.0004253296035993,0.0003955124996397,0.3253946109693877,0.2729990433673469
gas_25456,WL,test,unet,0.4552356020942408,0.294695814268768,0.0590876861262113,63.04119302558991,0.1658960431814193,0.0825958251953125,1.9370156487376215e-05,9.684786396440137e-05,0.0001113195602044,4.753606609935144e-05,0.2216198979591837,0.0829081632653061
gas_34864,WL,test,attention_unet,0.8015937388829598,0.6688831366216248,0.0592208300704776,48.0,0.2778818607330322,0.5740814208984375,6.124897542056742e-05,0.0002582528461337,0.0001969116069666,9.231062453878584e-05,0.8259725765306123,0.5745974170918368
gas_6ddaa81227149783,WL,test,unetpp,0.7345151579651534,0.5804219328175309,0.0592334494773519,38.7043920224481,0.1740074902772903,0.415069580078125,8.398924266699855e-05,0.0001396189232489,0.0001504854695555,1.6957092194484096e-05,0.2412308673469387,0.4142020089285714
gas_26039,WL,test,unetpp,0.7369011482116933,0.5834073454887414,0.0592579250720461,61.94994266381802,0.1589206010103225,0.2397613525390625,2.8538247525023515e-05,4.978876982495044e-05,2.4245726185356533e-05,1.3107323818386468e-05,0.3639389349489796,0.2400948660714285
gas_34253,WL,test,unet,0.7031161929301876,0.5421582019123308,0.0594546267322306,117.0393073609604,0.2204440385103225,0.28118896484375,0.0001426990631953,0.0006061233490307,0.0004385814386665,0.0003109631466442,0.4619738520408163,0.2805524553571428
gas_4c6bc42408c15945,WL,test,unet,0.732860717264387,0.5783584545514382,0.059765448804691,58.180752831155424,0.1276706010103225,0.175201416015625,0.0001955945697623,0.000236142457731,9.288830633677532e-05,0.0001115817422163,0.3027941645408163,0.1751235650510204
gas_32934,WL,test,attention_unet,0.8756385003171635,0.7787873389156126,0.0599746139200338,77.27481755673561,0.1484773606061935,0.5482177734375,2.817744956459646e-05,0.0001146486407475,9.377259611594324e-05,9.609012193239132e-05,0.6457270408163265,0.5481903698979592
gas_5ba18fd49a0081de,WL,test,unetpp,0.666978222263763,0.5003505819660636,0.0600320170757737,40.69080480360566,0.1420200914144516,0.2841339111328125,0.0001283816205996,7.188544394373569e-05,5.101455518102641e-05,1.846668896892572e-05,0.1423190369897959,0.2841398278061224
gas_5949f8f040a1bf90,WL,test,swin_unet,0.5237567310738043,0.3547902585559489,0.0601644245142003,90.26848816621816,0.3595742881298065,0.213897705078125,0.0002097574425904,0.0003749815329312,0.0002886992536332,7.956835713349738e-05,0.5409956951530612,0.2140266262755102
gas_c9dd9ccd4f5029dc,WL,test,swin_unet,0.7026003534460995,0.5415450476746448,0.0607115235885537,22.27488625989056,0.046954721212387,0.0596466064453125,7.041437606625232e-05,0.0001454204831176,0.0001181443352014,0.000123649597217,0.0983338647959183,0.0595503826530612
gas_befc1d1ab417d6ea,WL,test,swin_unet,0.376278563656148,0.2317383728722691,0.0609888127029953,90.04997517124492,0.1142378821969032,0.04296875,0.0003481952636516,0.0001417094222182,5.185078103764694e-05,4.787175315272124e-05,0.1400669642857142,0.0430883290816326
gas_33871,WL,test,attention_unet,0.8707047098832705,0.7710159756296072,0.0610021786492374,46.37347533613007,0.1962492018938064,0.6817169189453125,4.228933473671765e-05,0.0002434915778721,0.0001321435127414,0.0001121398059128,0.8358577806122449,0.6819794323979592
gas_35299,WL,test,attention_unet,0.6256038647342995,0.4551845342706502,0.0613845321795565,55.70855795811606,0.1173867955803871,0.097900390625,7.937656076733687e-05,0.0005291982230562,0.0003483311422663,0.0001970168900676,0.2150829081632653,0.098453443877551
gas_25615,WL,test,unet,0.5152390118703882,0.3470181503889369,0.0618670189343901,51.491229833743546,0.1204559952020645,0.1493072509765625,5.297464535412807e-05,4.392572750692226e-05,2.3990515395915794e-05,1.69182197348379e-05,0.099868463010204,0.1486168686224489
gas_a57cf7228b2a7836,WL,test,unet,0.7614263199369582,0.6147606171464928,0.0627906976744186,22.416442414621063,0.0482700876891613,0.1018524169921875,0.0004140872051811,0.0007696713290555,0.0005816151298932,0.0002565014569832,0.1001474808673469,0.102180325255102
gas_5970bae689dba9d0,WL,test,swin_unet,0.6655354449472096,0.49872845436564,0.0635798203178991,29.06630133497709,0.0707110986113548,0.093048095703125,0.0003067661344605,0.001064151716237,0.0014855013326144,0.0003594010972981,0.1181640625,0.0932517538265306
gas_36113,WL,test,unet,0.6792277528043832,0.5142656156249353,0.0636745522883042,84.0,0.4678930044174194,0.963775634765625,4.703468958186295e-05,0.000450062663356,0.0003443220394507,0.0010708631863301,0.4953762755102041,0.9632692920918368
gas_26836,WL,test,unet,0.4075608493008804,0.2559349593495935,0.0642954856361149,125.00399993600205,0.2735969424247741,0.0951080322265625,4.841612271087965e-05,0.0001551310774789,9.73407742802374e-05,8.23593392597498e-05,0.3671675701530612,0.0946468431122449
gas_26711,WL,test,swin_unet,0.6349108789182545,0.465105808194507,0.064340239912759,92.24313843285898,0.0236766580492258,0.0205535888671875,5.041327004795176e-05,0.00011083306754,8.494235299827676e-05,8.21051537834137e-05,0.0442641900510204,0.0205875318877551
gas_33057,WL,test,unet,0.6376072837819164,0.4680054995830234,0.065070770399924,74.16872656315464,0.470404177904129,0.8188629150390625,1.67349556226574e-05,0.0004382887955248,0.0005086766402129,0.0007653319202111,0.4801498724489796,0.8179009885204082
gas_9f76904bd28416ac,WL,test,unet,0.4930594114380899,0.3271923360353721,0.0652089783281733,60.55571209211882,0.2547433078289032,0.3787994384765625,0.0001994829582652,0.0002398987984744,0.0002202836528573,5.8686494583958925e-05,0.1242426658163265,0.3782684948979591
gas_25803,WL,test,attention_unet,0.6158481856648288,0.4449282075034738,0.0654334621755935,40.45985664828782,0.1194196417927742,0.210601806640625,2.200097907993739e-05,0.0001607354007132,0.0001957044811166,0.0002218155058418,0.0993702168367346,0.2114955357142857
gas_662b6efe64b3c9c2,WL,test,unetpp,0.6075874986227918,0.4363559634963338,0.0657873572462602,47.47421631763917,0.2129504084587097,0.3730926513671875,0.0001845262129522,0.0003733602683133,0.0004868493264803,0.0003048671852252,0.1698620854591837,0.3728077168367347
gas_c233b8c7b906dc6,WL,test,swin_unet,0.6846892497909752,0.5205532226374389,0.0657962549390139,59.04447191717826,0.2480269521474838,0.5016326904296875,3.946960489529507e-05,0.0002304694476409,0.0002589288702087,0.0002996139597186,0.2847377232142857,0.5018734056122449
gas_c881d80e23e5121a,WL,test,attention_unet,0.6005316916188611,0.429114177164567,0.0658217497955846,43.31971158084597,0.0568997114896774,0.04351806640625,0.0001337457483662,0.0001365947372176,2.752281237910406e-05,4.021081675460671e-05,0.0989118303571428,0.0435267857142857
gas_36778,WL,test,swin_unet,0.7456258411843876,0.5944206008583691,0.0659254619480112,39.96356547396808,0.1356026828289032,0.198699951171875,9.117610198713412e-05,0.0002588629679503,0.0002761759932522,5.992201427504671e-05,0.333984375,0.1990991709183673
gas_26020,WL,test,swin_unet,0.6293869911090314,0.4592010925230454,0.0659536541889483,25.229912390449684,0.0631377547979354,0.1169891357421875,6.07768151463377e-05,2.984386052084045e-05,2.434923985645577e-05,2.1298308895111284e-05,0.0536112882653061,0.1167490433673469
gas_35851,WL,test,attention_unet,0.7442928542482777,0.5927280550774526,0.0660003771450122,38.042725077816826,0.1509087979793548,0.2189788818359375,8.173060701816359e-05,0.0002006972139246,0.0001359938728213,5.541892767331602e-05,0.3705357142857143,0.2196269132653061
gas_84fe6f8abebd93e2,WL,test,unet,0.496099347237701,0.3298750793986872,0.0660347551342812,51.55819255691232,0.0630779638886451,0.03106689453125,2.34640533282836e-05,0.0001182160459892,8.744058436353841e-05,5.588821386370163e-06,0.0941286670918367,0.0310507015306122
gas_27456,WL,test,unetpp,0.6656302227058961,0.4988349062099499,0.0660863386036596,56.45573370000177,0.1714564710855484,0.318695068359375,5.36937000054508e-05,0.0002962935243342,0.0003121897269315,0.0001161532754544,0.1947943239795918,0.3179807079081632
gas_32511,WL,test,unet,0.6097032831977527,0.438541842060953,0.0667048382479244,89.1619264850112,0.2658242881298065,0.2499847412109375,6.176239599196797e-05,0.0001675815834202,0.000194057099011,0.0001687098582807,0.4306839923469387,0.2503985969387755
gas_32511,WL,test,attention_unet,0.5644064260379721,0.3931519590745262,0.0667482327351821,66.9327908749603,0.2080476731061935,0.2499847412109375,6.176239599196797e-05,0.0001675815834202,0.000194057099011,0.0001687098582807,0.2272201849489795,0.2503985969387755
gas_25933,WL,test,swin_unet,0.0041395623891188,0.002074074074074,0.0668993600930773,51.11896751615016,0.0671237260103225,0.034423828125,4.736221213141991e-05,4.425172782451986e-05,2.260865348709156e-05,6.413011353019146e-06,0.0326052295918367,0.034797512755102
gas_25678,WL,test,unet,0.5078493488208378,0.3403472353274203,0.0669475655430711,46.09772228646444,0.1393295526504516,0.07208251953125,3.998905111057296e-05,3.2650432061780526e-05,1.0839267692901124e-05,2.0937365915467427e-05,0.2109773596938775,0.0721261160714285
gas_37253,WL,test,unetpp,0.6475518591631338,0.4787997702909647,0.0670953312831982,65.47327290131862,0.4341119229793548,0.826263427734375,2.2414266833192426e-05,0.0002834354229034,0.0003575880061502,0.0005728079426938,0.4019650829081632,0.8297393176020408
gas_35908,WL,test,unet,0.6336096237071811,0.4637105432681984,0.0673985971332723,43.0,0.1990991681814193,0.2126922607421875,6.650916584457119e-05,0.0002325776095932,0.00013148880435,0.0001071087331398,0.3310746173469387,0.2123325892857142
gas_35346,WL,test,unetpp,0.4990966096290785,0.3325308030024076,0.0678517997007832,60.93846251044884,0.3757174611091614,0.4813690185546875,7.010859514514386e-05,0.0001240417391189,0.0001692468581348,8.190199641466535e-05,0.2684351084183674,0.4816446109693877
gas_26666,WL,test,unet,0.3246112533566477,0.1937527955867004,0.0678936605316973,68.59300255857006,0.2155412882566452,0.0657196044921875,0.0003038335545124,7.877914279531224e-05,8.335977179742615e-05,1.4153428496740369e-05,0.2526506696428571,0.0664859693877551
gas_a3c9b7ce62548ce1,WL,test,swin_unet,0.7851751020913253,0.6463277987165121,0.0680237489397794,47.85799111283184,0.2075892835855484,0.587432861328125,0.0003866373207145,0.0007233961127607,0.0004350447193512,0.0004614284209981,0.3793646364795918,0.5869539221938775
gas_37253,WL,test,attention_unet,0.5968837529141439,0.4253986468717875,0.0680715585203153,68.87851617246221,0.4790138602256775,0.826263427734375,2.2414266833192426e-05,0.0002834354229034,0.0003575880061502,0.0005728079426938,0.3585379464285714,0.8297393176020408
gas_26092,WL,test,unet,0.8624347000158303,0.7581408293904814,0.0681818181818181,17.951189470793043,0.0692761465907096,0.2512969970703125,4.684563925249023e-05,9.968194060315408e-05,7.796911254870228e-05,3.321021927728054e-05,0.2515545280612244,0.2520328443877551
gas_8efe14a382645a12,WL,test,unetpp,0.6936255385554839,0.5309546068349434,0.0683556405353728,63.8200595424354,0.3599728941917419,0.7680816650390625,0.000119199910304,0.0002297568729682,0.0002125154671947,0.0002832738571166,0.4075454400510204,0.7673987563775511
gas_70b1c1f1d71355d0,WL,test,unet,0.5758592755468117,0.404355598894848,0.0683979517190929,49.500504522483546,0.0730428919196128,0.04974365234375,2.2885917707396087e-05,4.257468645007243e-05,2.142904676024204e-05,2.1828368781200152e-05,0.1226283482142857,0.0495854591836734
gas_25456,WL,test,unetpp,0.5930604413175568,0.4215251733151494,0.0685203574975173,50.28515812437143,0.1014429181814193,0.0825958251953125,1.9370156487376215e-05,9.684786396440137e-05,0.0001113195602044,4.753606609935144e-05,0.1663743622448979,0.0829081632653061
gas_25501,WL,test,unetpp,0.4511265458241572,0.291261074045718,0.06865486175831,56.36955262170046,0.1291454136371612,0.0542144775390625,0.0001697400201353,0.0001407471520672,0.0001368510503072,9.405821225012688e-05,0.1811822385204081,0.0541095344387755
gas_5949f8f040a1bf90,WL,test,unet,0.8709661905448949,0.771426137331743,0.0686716791979949,14.499620099739865,0.053471777588129,0.213897705078125,0.0002097574425904,0.0003749815329312,0.0002886992536332,7.956835713349738e-05,0.2003746811224489,0.2140266262755102
gas_25468,WL,test,unet,0.7689392308023602,0.6246151693254968,0.0688524590163934,20.8806130178211,0.1069236323237419,0.2834625244140625,0.0002018484768346,0.0002428716035382,0.0002307825171194,0.000275708857927,0.1790298150510204,0.2837213010204081
gas_36096,WL,test,attention_unet,0.4529200607483087,0.2927580206148766,0.0691638967016108,70.3185553761232,0.3158880770206451,0.39306640625,7.094462920655848e-05,0.0003725680495139,0.0006096955916294,0.0001751934669454,0.1841517857142857,0.3932557397959184
gas_36997,WL,test,attention_unet,0.7202409120240912,0.562794137421003,0.0692245229395046,60.13899103322641,0.1296037882566452,0.218017578125,3.1405098138581586e-05,0.000167656467318,0.0001016503299428,6.149858156661133e-05,0.2447983099489795,0.2184709821428571
gas_27035,WL,test,attention_unet,0.7607810971954951,0.6139198615141795,0.0694967476891475,55.025902670350895,0.1511280238628387,0.3822174072265625,3.001601117587214e-05,5.07526235241611e-05,3.3577988223538496e-05,1.568661742036768e-05,0.2487643494897959,0.382991868622449
gas_36151,WL,test,unet,0.8206204805225099,0.6958069620253164,0.0697885588273446,43.26661530556788,0.1532605290412902,0.4967803955078125,2.2575107863734657e-05,0.000249900788207,0.0003182610537339,0.0002544012451132,0.3570432079081632,0.4973493303571428
gas_35908,WL,test,swin_unet,0.6539430086149768,0.4858211894446632,0.0699964825888146,44.07095646417972,0.2081473171710968,0.2126922607421875,6.650916584457119e-05,0.0002325776095932,0.00013148880435,0.0001071087331398,0.3891501913265306,0.2123325892857142
gas_27798,WL,test,attention_unet,0.3746578021118498,0.2305101058710298,0.0700709219858156,71.34423592694787,0.1593391299247741,0.2010345458984375,2.1364489587814687e-05,9.845549418243234e-05,0.0001296505821275,6.309451251705175e-05,0.053172831632653,0.2016302614795918
gas_689042d263bc8e46,WL,test,unet,0.7820844099913867,0.6421499292786421,0.070766448112141,27.011107303327552,0.0756337717175483,0.136138916015625,6.62337371936224e-05,0.0001847266738082,0.0001947712094867,0.000101744766173,0.2113560267857142,0.1357222576530612
gas_25778,WL,test,unet,0.7570642660665167,0.6090936525500452,0.0709183673469387,32.01562118716424,0.0774473845958709,0.1540069580078125,3.192093680384007e-05,8.112627384366722e-05,7.239723897603234e-05,2.9889708115556315e-05,0.1649792729591837,0.1538185586734693
gas_27798,WL,test,swin_unet,0.4633010197658315,0.3014910699655907,0.0709487825356843,46.08415614806967,0.169921875,0.2010345458984375,2.1364489587814687e-05,9.845549418243234e-05,0.0001296505821275,6.309451251705175e-05,0.1149752869897959,0.2016302614795918
gas_a10835becb3455b,WL,test,attention_unet,0.7737482117310444,0.6309864084465963,0.0714414576943893,60.0,0.1260762065649032,0.308349609375,0.0003331149387301,0.0006770405013924,0.0006377418776146,7.406050402069262e-05,0.2486049107142857,0.3086336096938775
gas_36455,WL,test,unetpp,0.8597517951272153,0.7540040768782761,0.0715127701375245,50.54299143831908,0.2020288556814193,0.7809906005859375,2.833829058555813e-05,0.0003191127170068,0.00040511905658,0.0004113294126954,0.6600366709183674,0.7804727359693877
gas_67934ddd0f22d48d,WL,test,swin_unet,0.6066818106266275,0.4354222999840941,0.0715166461159062,102.74358644642705,0.1414819806814193,0.113739013671875,4.862832006091729e-05,0.0003291807982955,0.0003320757883905,0.0002395427943967,0.2461535395408163,0.1135602678571428
gas_33266,WL,test,swin_unet,0.8236682746587294,0.7002006805688857,0.0715647201524865,40.0,0.1369579136371612,0.3318939208984375,2.2247361914020683e-05,0.0001698075555998,0.0001542268874664,9.682295708387338e-05,0.4456513073979591,0.3310546875
gas_399089815c853d04,WL,test,unet,0.7117117117117117,0.5524475524475524,0.0718654434250764,52.332589434696295,0.186224490404129,0.388458251953125,5.342696948011099e-05,0.0001558744724626,0.0002112177038313,7.307166342595991e-05,0.2575334821428571,0.3884327168367347
gas_36123,WL,test,attention_unet,0.5725151647682976,0.4010656720394299,0.0719300569611869,91.84387435561077,0.4480428993701935,0.7473297119140625,2.7489817003318108e-05,0.0002945068072767,0.0003597891532027,0.0003497262173953,0.3006218112244898,0.7474689094387755
gas_cd801bed9d4dd20c,WL,test,swin_unet,0.8456335306196401,0.7325520560845453,0.072179203539823,18.0,0.0509406886994838,0.170440673828125,0.0001126314541076,6.179533758525202e-05,4.599356658168642e-05,2.525993891624476e-05,0.1595982142857142,0.1704001913265306
gas_36997,WL,test,swin_unet,0.7392006149116065,0.5862951899042858,0.0723608445297504,61.1310068623117,0.1352439373731613,0.218017578125,3.1405098138581586e-05,0.000167656467318,0.0001016503299428,6.149858156661133e-05,0.3001036352040816,0.2184709821428571
gas_36140,WL,test,unetpp,0.6204020137434314,0.4496976799936073,0.0723684210526315,93.76188919489996,0.4117506444454193,0.7480926513671875,0.0001523743942275,0.0004439373733423,0.0003910262544957,0.0002080660026458,0.3366749043367347,0.7480269451530612
gas_33871,WL,test,unetpp,0.9003231557833742,0.8187161169377312,0.0724966622162883,23.59766529988529,0.1426179856061935,0.6817169189453125,4.228933473671765e-05,0.0002434915778721,0.0001321435127414,0.0001121398059128,0.7488241390306123,0.6819794323979592
gas_194b3005cde83e0e,WL,test,unet,0.6003308308945159,0.4289090909090909,0.0728609625668449,75.2957389500602,0.0625996515154838,0.0492706298828125,5.5270088788186565e-05,0.0002844228923203,0.0002447948674537,0.0003214574151819,0.1073620854591836,0.049266581632653
gas_35908,WL,test,unetpp,0.5934477591608772,0.4219166142075444,0.073316145665485,47.12430274034008,0.2379225194454193,0.2126922607421875,6.650916584457119e-05,0.0002325776095932,0.00013148880435,0.0001071087331398,0.3728874362244898,0.2123325892857142
gas_26140,WL,test,unet,0.6335058608616227,0.4635993984292318,0.0733550936265246,61.43121280227692,0.1919244229793548,0.16607666015625,2.4322844257608988e-05,0.0002027080724372,0.0001933129899027,0.0001622785238275,0.3577208227040816,0.1659558354591837
gas_5949f8f040a1bf90,WL,test,unetpp,0.6939699060979749,0.5313582813582813,0.073396517522592,39.6232255123179,0.1078204736113548,0.213897705078125,0.0002097574425904,0.0003749815329312,0.0002886992536332,7.956835713349738e-05,0.1382932079081632,0.2140266262755102
gas_194b3005cde83e0e,WL,test,unetpp,0.5954746136865342,0.4239685658153241,0.0736656374062637,36.91000012468094,0.0584343113005161,0.0492706298828125,5.5270088788186565e-05,0.0002844228923203,0.0002447948674537,0.0003214574151819,0.0951849489795918,0.049266581632653
gas_34645,WL,test,unet,0.8096073567668945,0.6801179101443383,0.0740388275599543,31.064449134018133,0.1254384517669677,0.3924713134765625,4.59765125947029e-05,0.0001667160459764,0.0002035741625175,0.0001453140315836,0.2667012117346938,0.3921396683673469
gas_27277,WL,test,unet,0.7857058008315185,0.6470473147031011,0.0741883552455057,48.60041152089147,0.2157206684350967,0.6103515625,0.0001403505682985,0.000537567664383,0.0006168802524723,0.000456233925588,0.397102200255102,0.6095543686224489
gas_35056,WL,test,attention_unet,0.8361091309701251,0.7183741648106904,0.07429718875502,22.360679774997894,0.1008051633834838,0.3565521240234375,3.149278061744348e-05,0.0002319277861686,0.000196405956917,0.000149017644697,0.257633131377551,0.3574418048469387
gas_70465dc14f05463f,WL,test,unetpp,0.6426081607545623,0.4734138972809668,0.0744003915810083,20.0,0.0347377248108387,0.037322998046875,0.0001798650805997,0.0003499502921858,0.0002293119691526,0.0001604621989301,0.0599489795918367,0.0372488839285714
gas_8d28577af362e689,WL,test,unet,0.8609643413227148,0.7558712800286841,0.0744016649323621,20.0,0.1085578799247741,0.423980712890625,0.000199303956082,0.000888126395718,0.0008369924236158,0.0010557619730717,0.3571428571428571,0.423648756377551
gas_32725,WL,test,attention_unet,0.7358810013302697,0.5821295321917153,0.0744060025010421,34.09100856182528,0.0870535746216774,0.1517486572265625,7.469954890081179e-05,0.0002662770513385,0.0002102794110506,0.0003001504266568,0.1787109375,0.1508888711734693
gas_32649,WL,test,unetpp,0.6944871400758275,0.5319649935245869,0.0744214188473755,44.84244419565651,0.237683355808258,0.4580230712890625,1.3726746806691315e-05,0.0002648864658884,0.0002407896557032,0.0003074707513614,0.3199139030612244,0.4580676020408163
gas_25383,WL,test,swin_unet,0.8513355326167926,0.7411524921252548,0.0744951970201921,18.027756377319943,0.0835259854793548,0.2687835693359375,7.807036656206633e-05,4.902390942311189e-05,3.038466030096547e-05,7.095785248894411e-06,0.2935467155612244,0.2682955994897959
gas_befc1d1ab417d6ea,WL,test,unet,0.6539497307001796,0.4858286095365122,0.0745272525027808,58.69412236331676,0.0307318232953548,0.04296875,0.0003481952636516,0.0001417094222182,5.185078103764694e-05,4.787175315272124e-05,0.045719068877551,0.0430883290816326
gas_332d133e00b331,WL,test,attention_unet,0.7752496523827582,0.6329858602538961,0.0747028862478777,20.248456731316587,0.0708705335855484,0.192169189453125,0.0002549242182675,0.000466809787267,0.0003747572773857,0.0002751088379354,0.1230269451530612,0.1923030931122449
gas_cbcf40db4b93d7da,WL,test,unetpp,0.799006098938333,0.6652873909118266,0.0752220752220752,21.0,0.0886678919196128,0.196563720703125,0.0001275593689585,0.000194998670344,0.0001495637835676,6.609208925748193e-05,0.2444395727040816,0.1967075892857142
gas_26945,WL,test,unet,0.5445154067326531,0.3741127932589769,0.0753551575046325,96.08147551400342,0.3567641973495483,0.2151031494140625,4.532289313459315e-05,0.0003497213584462,0.0003164613622773,0.0003713841457884,0.5684390943877551,0.2148238201530612
gas_34598,WL,test,unetpp,0.6539104024297646,0.4857851985559567,0.0755385069341988,96.68091594892478,0.2271006107330322,0.363525390625,3.782347873209823e-05,0.0001443338562237,0.0001424125701217,0.0001462350848916,0.2922114158163265,0.3639787946428571
gas_35544,WL,test,unetpp,0.808022239872915,0.6778836542946625,0.0757485917580788,49.09175083453431,0.1926817595958709,0.4113616943359375,3.3802317838760674e-05,0.0001450971472064,0.0001213306647262,8.3103348064764e-05,0.5916374362244898,0.4120296556122449
gas_35851,WL,test,unet,0.7476001492486687,0.5969340772439197,0.0760536398467432,37.69615364994153,0.1482979953289032,0.2189788818359375,8.173060701816359e-05,0.0002006972139246,0.0001359938728213,5.541892767331602e-05,0.3679249043367347,0.2196269132653061
gas_25748,WL,test,swin_unet,0.8264009243212016,0.7041594880630077,0.0761781794706262,15.297058540778355,0.0718670263886451,0.1741180419921875,7.417085528703803e-05,0.0001405958663519,6.873609210818585e-05,7.447987371340186e-05,0.2398557079081632,0.1741270727040816
gas_27632,WL,test,unet,0.8358418510614399,0.7179796420473732,0.0765569218564061,25.495097567963924,0.1165098845958709,0.368927001953125,0.0001001102458393,0.0003371872479892,0.0004163662435959,0.0001160861125377,0.3402024872448979,0.3695392219387755
gas_26711,WL,test,attention_unet,0.0470366886171213,0.0240847784200385,0.0766738660907127,18.29552132746766,0.0201889351010322,0.0205535888671875,5.041327004795176e-05,0.00011083306754,8.494235299827676e-05,8.21051537834137e-05,0.0005978954081632,0.0205875318877551
gas_27225,WL,test,attention_unet,0.4572685631629701,0.2964019221002461,0.0766961651917404,109.86672821132598,0.3589365482330322,0.505401611328125,2.8973796800862983e-05,6.740448844149369e-05,7.744936926633428e-05,8.269190218089805e-05,0.1550741390306122,0.5062779017857143
gas_ebb3196cddd73b79,WL,test,unet,0.5725386459452757,0.4010887190178364,0.0768303186907838,69.40100405732446,0.2061144709587097,0.1439666748046875,0.0002417453986298,0.0003785539126843,0.0003179704832429,9.131893285033828e-05,0.3383290816326531,0.1438536352040816
gas_70b1c1f1d71355d0,WL,test,swin_unet,0.73111960035263,0.5761926817971283,0.0772009029345372,15.048213814180205,0.0364716202020645,0.04974365234375,2.2885917707396087e-05,4.257468645007243e-05,2.142904676024204e-05,2.1828368781200152e-05,0.0860570790816326,0.0495854591836734
gas_34203,WL,test,unet,0.7337532855977522,0.5794710282380731,0.0772581146945971,38.01315561749642,0.2341756969690323,0.451446533203125,8.162117095426359e-05,0.0002053109494243,0.0001704224968455,0.0001238473685617,0.4276945153061224,0.4518494897959184
gas_33333,WL,test,unetpp,0.5204407537527946,0.351753912574204,0.0775167209741039,89.8276126811795,0.3590959906578064,0.2429656982421875,2.8514873251045905e-05,9.432188553637488e-05,9.625749240508044e-05,2.2960480324681163e-05,0.5060387436224489,0.2427654655612245
gas_817ad9575f439519,WL,test,unetpp,0.7466386554621849,0.5957090177673483,0.0775651465798045,45.705577493971056,0.0961415842175483,0.1901702880859375,0.0001863606123238,0.0001762003773604,0.0001123737182678,5.984194544352673e-05,0.1895926339285714,0.1898716517857142
gas_36815,WL,test,attention_unet,0.8223862238622386,0.6983496970963025,0.0776282426370197,23.53720459187964,0.0863360986113548,0.2015228271484375,0.0001137784876662,0.0002071624018117,0.0001287032598986,0.0001626739023806,0.2839006696428571,0.2021882971938775
gas_26140,WL,test,attention_unet,0.6393259723771785,0.4698597602352409,0.0779612857396554,65.4843235296328,0.1868423223495483,0.16607666015625,2.4322844257608988e-05,0.0002027080724372,0.0001933129899027,0.0001622785238275,0.3520806760204081,0.1659558354591837
gas_89c5020ed9db1d57,WL,test,unet,0.8563398275311402,0.7487712243074174,0.0780538302277432,17.0,0.0896444544196128,0.3567962646484375,0.000236565771878,0.0003682372187131,0.0003085612198859,0.0001779338635175,0.2672592474489796,0.3567442602040816
gas_27442,WL,test,unet,0.6086282922178524,0.4374304068522484,0.078142484147706,33.13608305156178,0.1308992356061935,0.209869384765625,0.0001141021890769,0.0003099525159056,0.0004286912817272,0.0001685246619208,0.1245615433673469,0.2099011479591837
gas_36802,WL,test,unet,0.3324263861176613,0.1993473531544597,0.0782015395381385,159.30787171183695,0.4400908946990967,0.113555908203125,3.699113804601663e-05,5.926414370827981e-05,7.98511575019837e-05,1.375465338860972e-05,0.5454400510204082,0.1137994260204081
gas_35742,WL,test,swin_unet,0.8060107960900647,0.6750570218312154,0.0785729919019479,21.016636890438253,0.0795001611113548,0.1728973388671875,3.873033590178066e-05,0.0002175656315691,0.0002209240852047,9.762439678865532e-05,0.2364875637755102,0.1733298788265306
gas_35644,WL,test,unet,0.708040906356527,0.5480366288995809,0.0786426688066032,44.89319244902296,0.2321428507566452,0.4922943115234375,0.0001352103392861,0.0004818634912999,0.0006357983577669,0.0003038544626983,0.3029934630102041,0.4921277104591837
gas_8d28577af362e689,WL,test,swin_unet,0.7628466383560863,0.6166144489495023,0.0789141414141414,43.54529710688373,0.1658362597227096,0.423980712890625,0.000199303956082,0.000888126395718,0.0008369924236158,0.0010557619730717,0.2756297831632653,0.423648756377551
gas_ace9f625447dd6ba,WL,test,attention_unet,0.6792875546096113,0.5143341815097541,0.0792103339020229,45.617978911828175,0.1141183003783226,0.156829833984375,0.0001623967427257,0.0002131311433701,0.0003755596698386,0.0001680188185236,0.199657206632653,0.1561702806122449
gas_34645,WL,test,attention_unet,0.7974455342683411,0.6631263339770301,0.0792719919110212,45.28686089453199,0.1321149617433548,0.3924713134765625,4.59765125947029e-05,0.0001667160459764,0.0002035741625175,0.0001453140315836,0.2601044323979591,0.3921396683673469
gas_332d133e00b331,WL,test,swin_unet,0.7643333903816533,0.6185595567867036,0.0792864222001982,27.305388784679312,0.0823301970958709,0.192169189453125,0.0002549242182675,0.000466809787267,0.0003747572773857,0.0002751088379354,0.157047193877551,0.1923030931122449
gas_26667,WL,test,unetpp,0.5921538850923816,0.4206098087156623,0.0794332331472735,62.66099080186116,0.1605747789144516,0.1612091064453125,4.814741143828197e-05,0.0001328704814016,0.0001584167245695,9.375850763132546e-05,0.232063137755102,0.1616509885204081
gas_35851,WL,test,unetpp,0.7481838549799715,0.5976787070181148,0.079731027857829,38.01315561749642,0.147839605808258,0.2189788818359375,8.173060701816359e-05,0.0002006972139246,0.0001359938728213,5.541892767331602e-05,0.3674665178571428,0.2196269132653061
gas_2c5242c3a74d64a1,WL,test,attention_unet,0.8440034648397512,0.7301089918256131,0.0797762731822196,17.72004514666935,0.1184430792927742,0.3731842041015625,0.0003309755709125,0.001304315235315,0.0021777751058212,0.0008116907999321,0.3866390306122449,0.3726283482142857
gas_d5ce0ebb1656ecbc,WL,test,unet,0.8462824243174643,0.7335265078342992,0.0800066258075202,42.0,0.0989716202020645,0.311309814453125,0.0001263228185379,0.0001278390566353,5.2899700925515033e-05,2.230917991140498e-05,0.332649075255102,0.3112045599489796
gas_eb191d17dabec217,WL,test,unetpp,0.6417681367031618,0.4725026367334639,0.0801589930440543,33.27835177264506,0.0697743967175483,0.119232177734375,0.0002306209436766,0.0002808336812454,0.0001879973518194,0.0002232016250989,0.0753348214285714,0.1194395727040816
gas_5ba18fd49a0081de,WL,test,swin_unet,0.7233185662505034,0.5665615141955836,0.0804260985352862,40.02935988116752,0.1232262402772903,0.2841339111328125,0.0001283816205996,7.188544394373569e-05,5.101455518102641e-05,1.846668896892572e-05,0.1612324617346938,0.2841398278061224
gas_27429,WL,test,unetpp,0.628792057363486,0.4585679806918745,0.0804672290720311,87.14355971613737,0.4157963991165161,0.76800537109375,0.0001989735668909,0.0004982036376456,0.0004910106670423,0.0006047808426243,0.3521603954081632,0.7679567920918368
gas_5970bae689dba9d0,WL,test,unet,0.6155948260156677,0.444663771548888,0.0807528840315725,40.04247464069828,0.0841039568185806,0.093048095703125,0.0003067661344605,0.001064151716237,0.0014855013326144,0.0003594010972981,0.1255381058673469,0.0932517538265306
gas_36815,WL,test,swin_unet,0.8651555897041875,0.7623561272850372,0.0808163265306122,12.0,0.0629583895206451,0.2015228271484375,0.0001137784876662,0.0002071624018117,0.0001287032598986,0.0001626739023806,0.2647082270408163,0.2021882971938775
gas_817ad9575f439519,WL,test,swin_unet,0.810387425747779,0.6812196199734866,0.0810463121783876,35.27245811071567,0.0718869566917419,0.1901702880859375,0.0001863606123238,0.0001762003773604,0.0001123737182678,5.984194544352673e-05,0.1892538265306122,0.1898716517857142
gas_34598,WL,test,swin_unet,0.823506322370819,0.6999666364806253,0.0812173599855933,36.78450512203672,0.1254583895206451,0.363525390625,3.782347873209823e-05,0.0001443338562237,0.0001424125701217,0.0001462350848916,0.346859056122449,0.3639787946428571
gas_5cb891a480bdc4a8,WL,test,swin_unet,0.8071533923303835,0.676661514683153,0.0812952118498105,17.97213595499958,0.041693240404129,0.1290283203125,0.0003548058764964,0.0007490606309308,0.0003645494049885,0.0004074788759857,0.0872528698979591,0.1289461096938775
gas_27456,WL,test,swin_unet,0.6858860195903829,0.5219379976283246,0.0813648293963254,53.56117040758985,0.2249681055545807,0.318695068359375,5.36937000054508e-05,0.0002962935243342,0.0003121897269315,0.0001161532754544,0.3982182716836734,0.3179807079081632
gas_57400b1ef742d248,WL,test,swin_unet,0.5212943481099905,0.3525342230508807,0.0815232722143864,42.22556476029209,0.2629942595958709,0.3767547607421875,0.0003122034139983,0.0006153713069159,0.0005821902636655,0.0006482565009411,0.1723732461734693,0.3770129145408163
gas_25784,WL,test,unetpp,0.6269259914119727,0.4565857247976453,0.0819559228650137,20.604607597336862,0.0588727667927742,0.107696533203125,8.576035297705917e-05,0.0001279751768617,7.159570367134631e-05,4.624090281107039e-05,0.0504025829081632,0.1074019451530612
gas_7b7e8f2940736ed3,WL,test,unetpp,0.7259958222286249,0.5698535647650816,0.0822322670375521,53.1469635124327,0.1516262739896774,0.273193359375,0.0004478657581433,0.0009356740630136,0.0004253296035993,0.0003955124996397,0.2803730867346938,0.2729990433673469
gas_26130,WL,test,attention_unet,0.3089785532533624,0.1827171109200344,0.0823288022569889,106.3713123146118,0.0757732763886451,0.01763916015625,4.273096183792902e-05,5.0801605782759056e-05,3.089371062201861e-05,2.1873578497580777e-05,0.0921356823979591,0.0175183354591836
gas_25383,WL,test,unetpp,0.7786128988703362,0.6374824968678605,0.0823401950162513,25.0,0.098034918308258,0.2687835693359375,7.807036656206633e-05,4.902390942311189e-05,3.038466030096547e-05,7.095785248894411e-06,0.1745256696428571,0.2682955994897959
gas_27376,WL,test,unet,0.5299102061464525,0.360461114934618,0.0823507392850458,115.13816272052895,0.1481584757566452,0.096099853515625,0.000142809387469,0.0005131714697794,0.00074837592178,0.0006585234480383,0.2197066326530612,0.0954639668367346
gas_26836,WL,test,attention_unet,0.6078862314156431,0.4366641901931649,0.0826135936913255,124.1458491849356,0.1208944544196128,0.0951080322265625,4.841612271087965e-05,0.0001551310774789,9.73407742802374e-05,8.23593392597498e-05,0.2136678890306122,0.0946468431122449
gas_35299,WL,test,unetpp,0.7174737456242707,0.5594222677129534,0.0831205673758865,25.0,0.0772082284092903,0.097900390625,7.937656076733687e-05,0.0005291982230562,0.0003483311422663,0.0001970168900676,0.1748246173469387,0.098453443877551
gas_27031,WL,test,unet,0.747025314322311,0.5962014419455504,0.083271787296898,31.665371725739803,0.1495735049247741,0.22216796875,5.271953369506074e-05,4.5201378613931686e-05,4.170598029541476e-05,1.0754813831456136e-05,0.3684032206632653,0.2228555484693877
gas_36123,WL,test,swin_unet,0.6651599814926861,0.4983068924143447,0.0833052276559865,111.46030562302197,0.375,0.7473297119140625,2.7489817003318108e-05,0.0002945068072767,0.0003597891532027,0.0003497262173953,0.3724689094387755,0.7474689094387755
gas_5970bae689dba9d0,WL,test,unetpp,0.528869707220343,0.3594988899460831,0.0840773809523809,41.647909819586914,0.0804966539144516,0.093048095703125,0.0003067661344605,0.001064151716237,0.0014855013326144,0.0003594010972981,0.0776068239795918,0.0932517538265306
gas_36755,WL,test,swin_unet,0.7568027210884354,0.6087551299589603,0.08428927680798,15.779605809173216,0.0683992356061935,0.1142120361328125,0.0002353496056532,0.0006471549800422,0.0008399583842746,0.0002434641502695,0.1660754145408163,0.1151745854591836
gas_9060b2efbe30bf86,WL,test,swin_unet,0.566067793610054,0.394766078261943,0.0843441466854724,29.0,0.0977160409092903,0.1611480712890625,0.0001424737269335,0.0001832513481694,0.0001844606053884,1.9620325476998985e-05,0.0642936862244897,0.1608936543367347
gas_599f943d393b7123,WL,test,attention_unet,0.2922134733158355,0.1711065573770492,0.0843971631205673,117.14200607204468,0.0967394784092903,0.0338134765625,0.0002222133042367,0.0002394254123814,0.0001761572843716,2.04161610172113e-05,0.1028579400510204,0.033820950255102
gas_27632,WL,test,attention_unet,0.8266164863310856,0.704472558802566,0.0848266082248291,43.94200445327268,0.132214605808258,0.368927001953125,0.0001001102458393,0.0003371872479892,0.0004163662435959,0.0001160861125377,0.3930165816326531,0.3695392219387755
gas_35908,WL,test,attention_unet,0.624474250703759,0.4539895025762026,0.0849074247241443,48.30269096250554,0.2259845286607742,0.2126922607421875,6.650916584457119e-05,0.0002325776095932,0.00013148880435,0.0001071087331398,0.3894491390306122,0.2123325892857142
gas_32390,WL,test,unetpp,0.6764462321069443,0.5110833035395066,0.0854681978798586,73.56492437034301,0.3815569281578064,0.4651336669921875,2.7891745677370224e-05,0.0001783865374906,0.0001576263829138,0.0001715078577288,0.7141860650510204,0.4650829081632653
gas_332d133e00b331,WL,test,unetpp,0.8355502535043244,0.7175494314107161,0.0855989232839838,15.231546211727816,0.0549465864896774,0.192169189453125,0.0002549242182675,0.000466809787267,0.0003747572773857,0.0002751088379354,0.1418207908163265,0.1923030931122449
gas_32237,WL,test,unet,0.4467838516515356,0.2876507897027733,0.0863514154673414,100.48961722390672,0.2283163219690323,0.15228271484375,7.077163516106107e-05,0.0003698454526376,0.0002679671712193,0.0001341249119991,0.2600047831632653,0.1527024872448979
gas_35399,WL,test,unetpp,0.6793530626290434,0.5144092969930689,0.0865293185419968,66.43489454498345,0.1857063174247741,0.2010040283203125,6.968335339387481e-05,0.0003998614549729,0.0003280773997041,0.0002439453076161,0.3776905293367347,0.2014708227040816
gas_d5ce0ebb1656ecbc,WL,test,unetpp,0.8435190005205622,0.7293842275837235,0.0868173634726945,23.664262486320386,0.0898636803030967,0.311309814453125,0.0001263228185379,0.0001278390566353,5.2899700925515033e-05,2.230917991140498e-05,0.2630739795918367,0.3112045599489796
gas_32934,WL,test,swin_unet,0.9036724467594118,0.8242723117632909,0.0868791697553743,25.11942946412396,0.1164700239896774,0.5482177734375,2.817744956459646e-05,0.0001146486407475,9.377259611594324e-05,9.609012193239132e-05,0.6609135841836735,0.5481903698979592
gas_7635ff3a57275515,WL,test,swin_unet,0.6579174250407127,0.4902212705210564,0.0869565217391304,33.401295705448206,0.0711694806814193,0.0685577392578125,0.0001565462873503,9.431201788538449e-05,3.1124655681345395e-05,2.8277182144890127e-05,0.1395886479591837,0.0684590242346938
gas_5ba18fd49a0081de,WL,test,attention_unet,0.7693368380230103,0.625140056022409,0.0870564207301506,39.155434142690126,0.1066844686865806,0.2841339111328125,0.0001283816205996,7.188544394373569e-05,5.101455518102641e-05,1.846668896892572e-05,0.1783721301020408,0.2841398278061224
gas_34420,WL,test,unet,0.6819493971811853,0.5173924246328266,0.087061912938087,59.0,0.3359574377536773,0.6910247802734375,7.993957218785082e-05,0.0003767084489308,0.000417134856985,0.0002434789091536,0.3656728316326531,0.6906289859693877
gas_27568,WL,test,unet,0.799533629672812,0.6660191817409251,0.0870958345470434,22.422018678583377,0.0548270083963871,0.16241455078125,0.0001430167651904,0.0002077473893549,0.0002049240634452,0.0001000607527595,0.1109893176020408,0.1625079719387755
gas_36815,WL,test,unet,0.8209996754300551,0.6963523743977976,0.0871886120996441,23.0,0.0879304856061935,0.2015228271484375,0.0001137784876662,0.0002071624018117,0.0001287032598986,0.0001626739023806,0.2890425701530612,0.2021882971938775
gas_33301,WL,test,attention_unet,0.7826926305187175,0.6429704199131214,0.0872446162341247,76.0115118057278,0.2063934952020645,0.439178466796875,5.325822801211803e-05,7.982805080960402e-05,6.617550504023584e-05,0.0001116001715219,0.510124362244898,0.4396524234693877
gas_26945,WL,test,unetpp,0.4954498089614449,0.3293009511496906,0.0874840357598978,99.12618221237013,0.4342514276504516,0.2151031494140625,4.532289313459315e-05,0.0003497213584462,0.0003164613622773,0.0003713841457884,0.6458466198979592,0.2148238201530612
gas_35056,WL,test,unet,0.8323419112892797,0.7128301677833767,0.0875840253064452,26.92582403567252,0.1033561825752258,0.3565521240234375,3.149278061744348e-05,0.0002319277861686,0.000196405956917,0.000149017644697,0.2590282206632653,0.3574418048469387
gas_33057,WL,test,attention_unet,0.6122668693201608,0.4411992880938256,0.087637516315495,80.50465825031493,0.4880819618701935,0.8188629150390625,1.67349556226574e-05,0.0004382887955248,0.0005086766402129,0.0007653319202111,0.4409080038265306,0.8179009885204082
gas_9d9d0cc4128689f,WL,test,attention_unet,0.8067730301363164,0.6761270491803278,0.0876527602191319,69.17079641880892,0.062998242676258,0.14007568359375,0.0002310255754586,0.0003252656054208,0.0002296682966744,0.0002182373379185,0.1862045599489795,0.1398278061224489
gas_36123,WL,test,unet,0.762646025534832,0.6163523464370628,0.087670244430414,56.78288685449562,0.3312340676784515,0.7473297119140625,2.7489817003318108e-05,0.0002945068072767,0.0003597891532027,0.0003497262173953,0.6480588329081632,0.7474689094387755
gas_27568,WL,test,attention_unet,0.8102668805600116,0.6810492767835253,0.0878552971576227,16.278820596099706,0.0518574602901935,0.16241455078125,0.0001430167651904,0.0002077473893549,0.0002049240634452,0.0001000607527595,0.1108099489795918,0.1625079719387755
gas_8d28577af362e689,WL,test,unetpp,0.8910154446097799,0.8034516263360015,0.0879832412873738,21.93171219946131,0.084661990404129,0.423980712890625,0.000199303956082,0.000888126395718,0.0008369924236158,0.0010557619730717,0.3531768176020408,0.423648756377551
gas_9d9d0cc4128689f,WL,test,unetpp,0.8392101551480959,0.7229647630619684,0.0879884919683529,52.61570411551149,0.0499840565025806,0.14007568359375,0.0002310255754586,0.0003252656054208,0.0002296682966744,0.0002182373379185,0.1710379464285714,0.1398278061224489
gas_84fe6f8abebd93e2,WL,test,attention_unet,0.545997191011236,0.3755131610722048,0.0882235528942115,49.47726750741192,0.0515385828912258,0.03106689453125,2.34640533282836e-05,0.0001182160459892,8.744058436353841e-05,5.588821386370163e-06,0.082469706632653,0.0310507015306122
gas_6f3ad758ce06bff8,WL,test,attention_unet,0.8484337903040514,0.7367650971002926,0.088396578196973,19.0,0.0788823366165161,0.2920379638671875,5.289351432810758e-05,6.460782917871695e-05,3.824103987187332e-05,3.77955796905174e-05,0.2283561862244898,0.2920918367346938
gas_26140,WL,test,unetpp,0.6958956783415531,0.5336196397666816,0.0884777431764059,71.13929588591984,0.1450095623731613,0.16607666015625,2.4322844257608988e-05,0.0002027080724372,0.0001933129899027,0.0001622785238275,0.3108856823979591,0.1659558354591837
gas_27365,WL,test,swin_unet,0.7932185481353409,0.6573009113702392,0.088804140561155,46.87793080379453,0.1716159135103225,0.4962921142578125,5.5050706030311685e-05,0.0002061310037289,0.0002864398121914,4.461881566502414e-05,0.3333466198979591,0.4965919961734694
gas_34467,WL,test,attention_unet,0.6536192867297861,0.4854639406874859,0.0893740200217102,93.5200513259055,0.228216677904129,0.2183990478515625,0.0001044234735003,0.0002814920225806,0.0001939954685989,0.0001991163344487,0.4405891262755102,0.2182716836734693
gas_d5ce0ebb1656ecbc,WL,test,swin_unet,0.7305443094916779,0.5754783841247342,0.0894093686354378,37.53523296984547,0.143255740404129,0.311309814453125,0.0001263228185379,0.0001278390566353,5.2899700925515033e-05,2.230917991140498e-05,0.2204440369897959,0.3112045599489796
gas_25379,WL,test,unetpp,0.5532610726966922,0.3824194277594781,0.089901148811114,102.96843533292714,0.1905691921710968,0.1378173828125,6.910785335692587e-05,0.0002236432294963,0.0002265070710339,0.0001686852196486,0.2884646045918367,0.1381138392857142
gas_48de9b8011978ea3,WL,test,unetpp,0.2912353347135956,0.1704361873990307,0.0899497487437186,86.13470769143481,0.0409359037876129,0.0482025146484375,0.0001495774738674,0.000684853448284,0.0005253175516806,0.0003516308902001,0.0095065369897959,0.0482501594387755
gas_7635ff3a57275515,WL,test,unet,0.4916128095272674,0.3259195070286925,0.0900137425561154,88.2224434724741,0.1395288556814193,0.0685577392578125,0.0001565462873503,9.431201788538449e-05,3.1124655681345395e-05,2.8277182144890127e-05,0.2059948979591837,0.0684590242346938
gas_35299,WL,test,swin_unet,0.6226772847933257,0.4520925110132158,0.0900330396475771,42.89983551043705,0.1189811825752258,0.097900390625,7.937656076733687e-05,0.0005291982230562,0.0003483311422663,0.0001970168900676,0.2168765943877551,0.098453443877551
gas_27197,WL,test,unetpp,0.756944731939557,0.6089389196030107,0.0900511207235548,27.766816504656436,0.1170081347227096,0.1844940185546875,6.156604544430374e-05,0.0002059120481107,0.0001850640429111,0.0001308652602839,0.2980508609693877,0.1833545918367347
gas_34282,WL,test,unet,0.8427118033672458,0.7281779990664384,0.0901745313510019,52.37163495679826,0.1044523268938064,0.2801055908203125,5.886879580985462e-05,0.0004764368035651,0.0002795453113819,4.817241634073389e-05,0.3830317283163265,0.2810507015306122
gas_1726edbf713b7ed8,WL,test,swin_unet,0.871094187479001,0.7716269841269842,0.0902394106813996,19.235384061671343,0.1146962717175483,0.3987884521484375,0.0002643030062278,0.0004130316752443,0.000473576370021,0.0001432124897825,0.490852200255102,0.3989158163265306
gas_26424,WL,test,unet,0.709981628903858,0.550365517896136,0.0904203323558162,29.986606874731837,0.0943877547979354,0.1157684326171875,2.309499737710165e-05,3.741470123386184e-05,2.8053718157927556e-05,2.6941112999420867e-05,0.2097217793367347,0.1157326211734693
gas_36113,WL,test,unetpp,0.6604121339781877,0.4929965034241615,0.0904210228878214,74.54999999999973,0.4883809089660644,0.963775634765625,4.703468958186295e-05,0.000450062663356,0.0003443220394507,0.0010708631863301,0.4748883928571428,0.9632692920918368
gas_d8798873c610aea1,WL,test,swin_unet,0.7699133922095652,0.6259017758046614,0.0904842820730671,42.0,0.1074816659092903,0.2669219970703125,0.0001579681660979,0.0001966066704441,0.0001353723645288,1.6246451944160244e-05,0.2005141900510204,0.2666214923469387
gas_8909db883335355c,WL,test,attention_unet,0.747517303641288,0.596828447861605,0.0905748663101604,24.095501324613785,0.0501634255051612,0.1019439697265625,0.0001561669145906,0.0002948003099137,0.0001727316807077,5.987491196726133e-05,0.0968191964285714,0.1018614477040816
gas_34203,WL,test,swin_unet,0.7444264688474135,0.5928975487115022,0.0907953976988494,45.0,0.2581712305545807,0.451446533203125,8.162117095426359e-05,0.0002053109494243,0.0001704224968455,0.0001238473685617,0.5583147321428571,0.4518494897959184
gas_de65c35419404808,WL,test,unet,0.7739006356207031,0.6311891663140076,0.0907985407377381,17.0,0.0347377248108387,0.060699462890625,0.0003312310018838,0.0003682767393162,0.0002516735477267,0.0001220390576426,0.0929328762755102,0.0607063137755102
gas_8efe14a382645a12,WL,test,attention_unet,0.7483136936204795,0.5978444357875601,0.0912397216951296,63.97225429195801,0.3086136877536773,0.7680816650390625,0.000119199910304,0.0002297568729682,0.0002125154671947,0.0002832738571166,0.4587850765306122,0.7673987563775511
gas_7635ff3a57275515,WL,test,unetpp,0.5963395012067578,0.4248459664708411,0.0914254801190154,80.43505311774938,0.0799984037876129,0.0685577392578125,0.0001565462873503,9.431201788538449e-05,3.1124655681345395e-05,2.8277182144890127e-05,0.1297233737244898,0.0684590242346938
gas_33301,WL,test,unetpp,0.7380658227848101,0.5848687166976954,0.0914660831509846,70.71633270993598,0.2577527165412903,0.439178466796875,5.325822801211803e-05,7.982805080960402e-05,6.617550504023584e-05,0.0001116001715219,0.5443837691326531,0.4396524234693877
gas_35737,WL,test,unetpp,0.8840609137055837,0.7922125181950509,0.0915723645026801,23.0,0.1479392498731613,0.5659027099609375,4.727751204845593e-05,0.0001422035695321,0.0001098082528875,8.980139109580662e-05,0.7104791135204082,0.5655293367346939
gas_35429,WL,test,unet,0.7303097010536221,0.575187273352921,0.0916123019571295,76.00591874792256,0.3198541104793548,0.74749755859375,0.0001075922891682,0.0003222992985651,0.0004688497744526,0.0003395826816545,0.4382772640306122,0.7477279974489796
gas_194b3005cde83e0e,WL,test,swin_unet,0.5864532723635324,0.4148807116862111,0.0917312661498708,19.714204361412687,0.0288384892046451,0.0492706298828125,5.5270088788186565e-05,0.0002844228923203,0.0002447948674537,0.0003214574151819,0.0204679528061224,0.049266581632653
gas_7d1af9851178807d,WL,test,attention_unet,0.7676556623485165,0.622923024754154,0.0919406459121326,25.079872407968907,0.066485971212387,0.1636199951171875,0.0001772458015907,0.0002815159851952,0.000222632988687,0.0001518574943768,0.1224290497448979,0.1637236926020408
gas_8909db883335355c,WL,test,unet,0.6221020092735703,0.451486259113853,0.0920964501004688,40.15156435016234,0.0779655575752258,0.1019439697265625,0.0001561669145906,0.0002948003099137,0.0001727316807077,5.987491196726133e-05,0.1044523278061224,0.1018614477040816
gas_26922,WL,test,attention_unet,0.4202952303241599,0.2660593538692712,0.0921689397272327,84.36675288081047,0.1557517498731613,0.189849853515625,4.874080186575286e-05,0.0002027981575108,0.000139331037706,9.53406465466534e-05,0.0794005102040816,0.189273756377551
gas_798920ee2bf93e51,WL,test,unet,0.7792117195674921,0.6382857142857142,0.0921911176594401,36.00335873044738,0.1009247452020645,0.2791748046875,0.0001783635163747,0.0001206945878249,3.531885186350717e-05,2.83258535829689e-05,0.1780931122448979,0.2790178571428571
gas_a3c9b7ce62548ce1,WL,test,unet,0.7408060251582406,0.5883176380758462,0.0922981366459627,55.818897008374535,0.2578922212123871,0.587432861328125,0.0003866373207145,0.0007233961127607,0.0004350447193512,0.0004614284209981,0.408023756377551,0.5869539221938775
gas_27035,WL,test,unetpp,0.7582177669813351,0.6105883518225039,0.0924039320822162,53.65910164986005,0.1567083895206451,0.3822174072265625,3.001601117587214e-05,5.07526235241611e-05,3.3577988223538496e-05,1.568661742036768e-05,0.2651466836734694,0.382991868622449
gas_35413,WL,test,attention_unet,0.669728327319357,0.5034522955523673,0.0927549095750582,64.59217994324558,0.4414460957050323,0.8153076171875,2.689425466426187e-05,0.0001994404578358,0.0001892258859929,0.0002961012984764,0.5183553890306123,0.8182597257653061
gas_26308,WL,test,attention_unet,0.8356527930610396,0.7177006893484545,0.0928135773004508,13.98209706929603,0.0506018809974193,0.179351806640625,0.0001207967761488,6.77019956707029e-05,5.384943689341704e-05,2.8811917423891063e-05,0.1288265306122449,0.1790696747448979
gas_7d1af9851178807d,WL,test,swin_unet,0.7258438739615298,0.5696663533834586,0.0930089313212195,37.538645743140165,0.0730030313134193,0.1636199951171875,0.0001772458015907,0.0002815159851952,0.000222632988687,0.0001518574943768,0.1025589923469387,0.1637236926020408
gas_cbcf40db4b93d7da,WL,test,attention_unet,0.810739109672627,0.6817167841527617,0.0930877401465636,15.480280423580169,0.0710897669196128,0.196563720703125,0.0001275593689585,0.000194998670344,0.0001495637835676,6.609208925748193e-05,0.1789102359693877,0.1967075892857142
gas_35629,WL,test,unet,0.7906695019008957,0.6538076259084806,0.0932247220067235,54.0,0.3237205147743225,0.9350128173828124,9.48107469253385e-05,0.0004564880326721,0.0004632485704992,0.0012148704934741,0.6120256696428571,0.9344308035714286
gas_32435,WL,test,unet,0.8191760403487183,0.6937325700865992,0.0933383047477007,31.603788684087828,0.2079280912876129,0.480072021484375,5.692230471721789e-05,6.872769310757387e-05,6.062311632210383e-05,3.66447972725724e-05,0.6704001913265306,0.4794921875
gas_33203,WL,test,unet,0.774697075526132,0.6322494299593536,0.0933433059087509,37.12142238654117,0.1478595286607742,0.279205322265625,2.752833731994711e-05,0.0001666654844911,0.0001069546934229,4.635285334378381e-05,0.3768534757653061,0.2794164540816326
gas_27100,WL,test,attention_unet,0.6130148454068535,0.4419765008852406,0.0933456561922366,31.76476034853718,0.0690967813134193,0.123626708984375,0.0001499273486329,0.000229992528087,0.0002884532767671,0.0001874194528255,0.0548867984693877,0.123664700255102
gas_775d8d2656f6d214,WL,test,unetpp,0.73457654603081,0.5804986020503262,0.0933558904952322,21.77700553711189,0.1435347646474838,0.30242919921875,0.0001348511775508,0.0001813986603299,0.0001862389944525,6.0088778816860285e-05,0.2388791454081632,0.3018973214285714
gas_d8798873c610aea1,WL,test,attention_unet,0.7558678537267309,0.6075462771305222,0.0935479235522345,49.06627508774561,0.1322544664144516,0.2669219970703125,0.0001579681660979,0.0001966066704441,0.0001353723645288,1.6246451944160244e-05,0.2751116071428571,0.2666214923469387
gas_399089815c853d04,WL,test,unetpp,0.767333049766057,0.6224982746721878,0.0937872340425532,40.45985664828782,0.1635243892669677,0.388458251953125,5.342696948011099e-05,0.0001558744724626,0.0002112177038313,7.307166342595991e-05,0.3143933354591837,0.3884327168367347
gas_26424,WL,test,unetpp,0.6892464013547841,0.5258397932816538,0.0938611045271391,32.00234317807464,0.1023995503783226,0.1157684326171875,2.309499737710165e-05,3.741470123386184e-05,2.8053718157927556e-05,2.6941112999420867e-05,0.2137874681122449,0.1157326211734693
gas_33850,WL,test,unet,0.8724745972443662,0.7737959562703136,0.0939422945439628,28.75046456899026,0.1068040505051612,0.381195068359375,2.128637450566369e-05,0.0001057732011895,0.000124150515977,7.151505290322417e-05,0.455695950255102,0.3818160076530612
gas_34467,WL,test,swin_unet,0.7865410750269459,0.6481810458021163,0.0940076965365585,57.81174586560464,0.0907804518938064,0.2183990478515625,0.0001044234735003,0.0002814920225806,0.0001939954685989,0.0001991163344487,0.2070113201530612,0.2182716836734693
gas_a0953456b09081ef,WL,test,unet,0.4497738262361566,0.2901343261055491,0.094086936783566,107.4999957537123,0.2812101542949676,0.3313751220703125,0.0001191174641513,0.0003531276451725,0.0003504753811962,0.0004085457646905,0.1800063775510204,0.3310746173469387
gas_25468,WL,test,swin_unet,0.8241698813858744,0.700925982706813,0.0941685555326602,25.495097567963924,0.0971978604793548,0.2834625244140625,0.0002018484768346,0.0002428716035382,0.0002307825171194,0.000275708857927,0.2690728635204081,0.2837213010204081
gas_34554,WL,test,attention_unet,0.8300363650210384,0.7094548413344183,0.094758064516129,40.04246220195582,0.1779137402772903,0.513763427734375,4.940489875590727e-05,0.0002995660513574,0.0003335526819626,0.0001148415441699,0.5325055803571429,0.5142697704081632
gas_49ef4bb86df23206,WL,test,swin_unet,0.809322974472808,0.6797166293810589,0.0952298651918423,41.31331323778647,0.1369579136371612,0.2920989990234375,0.0001643991029528,0.0001723194192021,0.0001196814285751,6.062732438632431e-05,0.4257015306122449,0.2925701530612244
gas_25872,WL,test,attention_unet,0.8370529525921818,0.7197687585672566,0.0952870961103107,25.0,0.0937101393938064,0.32275390625,6.699584522154094e-05,0.0002143413543126,0.00025695912248,0.0001314848044241,0.2525111607142857,0.3225845025510204
gas_5ba18fd49a0081de,WL,test,unet,0.7357664233576642,0.581986143187067,0.0952992550732083,39.96995774201539,0.1190409734845161,0.2841339111328125,0.0001283816205996,7.188544394373569e-05,5.101455518102641e-05,1.846668896892572e-05,0.1663743622448979,0.2841398278061224
gas_a10835becb3455b,WL,test,unetpp,0.8195491153734191,0.6942678649715037,0.0953070084763283,33.87915040283996,0.1111886128783226,0.308349609375,0.0003331149387301,0.0006770405013924,0.0006377418776146,7.406050402069262e-05,0.3075374681122449,0.3086336096938775
gas_27197,WL,test,swin_unet,0.7464898917116153,0.59551964262252,0.0955701394585726,28.42534080710379,0.1227080672979354,0.1844940185546875,6.156604544430374e-05,0.0002059120481107,0.0001850640429111,0.0001308652602839,0.3006816007653061,0.1833545918367347
gas_a74b813fc517d364,WL,test,swin_unet,0.6877308530995505,0.5240775908844275,0.0956183898122167,55.06813567795757,0.1398477405309677,0.1558380126953125,1.6642145162880103e-05,7.277164172405536e-05,6.201409071570335e-05,1.987540618322077e-05,0.2919722576530612,0.1558713329081632
gas_63d8054530464346,WL,test,unetpp,0.6500273580537902,0.4815115046455072,0.0956183898122167,46.66636758455786,0.165716677904129,0.298583984375,0.0001102219471968,0.0002867540353264,0.0002905197987677,0.0001910421975608,0.1756616709183673,0.2978515625
gas_26092,WL,test,unetpp,0.8761796574624258,0.7796438846123941,0.0956290215220767,14.173876274650372,0.0564811863005161,0.2512969970703125,4.684563925249023e-05,9.968194060315408e-05,7.796911254870228e-05,3.321021927728054e-05,0.2041214923469387,0.2520328443877551
gas_27632,WL,test,unetpp,0.8672778388950007,0.7656580480856391,0.0957392197125256,21.80233518940373,0.1081991419196128,0.368927001953125,0.0001001102458393,0.0003371872479892,0.0004163662435959,0.0001160861125377,0.4456911670918367,0.3695392219387755
gas_5edeadd9ebe7869f,WL,test,swin_unet,0.8487690504103166,0.7372708757637475,0.0957497612225405,22.438747470470325,0.0642737597227096,0.2011871337890625,4.68114328073447e-05,9.376730452186806e-05,0.0001036331667061,1.8850001646281348e-05,0.2236726721938775,0.2013313137755102
gas_2c5242c3a74d64a1,WL,test,unetpp,0.857747559459245,0.7509264406151566,0.0963315597871744,16.97056274847714,0.1071627885103225,0.3731842041015625,0.0003309755709125,0.001304315235315,0.0021777751058212,0.0008116907999321,0.3806999362244898,0.3726283482142857
gas_25879,WL,test,unetpp,0.7894167568017306,0.6520962199312714,0.0969030969030969,24.174364466271744,0.1008848845958709,0.266510009765625,2.1486758696711488e-05,5.063690337840211e-05,5.0669680380348814e-05,1.0258817710376958e-05,0.2121930803571428,0.2668805803571428
gas_32435,WL,test,attention_unet,0.8557482916572802,0.7478671741698386,0.0969659442724458,24.020824298928627,0.1531409472227096,0.480072021484375,5.692230471721789e-05,6.872769310757387e-05,6.062311632210383e-05,3.66447972725724e-05,0.5821308992346939,0.4794921875
gas_34991,WL,test,swin_unet,0.4713268608414239,0.3083241595393344,0.0970066518847006,65.04844148224613,0.162786990404129,0.081695556640625,5.053666289384744e-05,0.0001543029811295,0.0001483020516226,2.2578385284938217e-05,0.226203762755102,0.0817123724489796
gas_9d9d0cc4128689f,WL,test,unet,0.6464135826020603,0.4775561975900218,0.0970873786407767,69.31088367491247,0.1477598845958709,0.14007568359375,0.0002310255754586,0.0003252656054208,0.0002296682966744,0.0002182373379185,0.2780612244897959,0.1398278061224489
gas_84fe6f8abebd93e2,WL,test,unetpp,0.6458031088082902,0.4768901132537496,0.0970917225950783,31.396651065740983,0.0340601094067096,0.03106689453125,2.34640533282836e-05,0.0001182160459892,8.744058436353841e-05,5.588821386370163e-06,0.0651108099489796,0.0310507015306122
gas_35737,WL,test,swin_unet,0.8689592023603622,0.7682828101106414,0.0972023979446188,37.07953484673504,0.1540178507566452,0.5659027099609375,4.727751204845593e-05,0.0001422035695321,0.0001098082528875,8.980139109580662e-05,0.6098134566326531,0.5655293367346939
gas_befc1d1ab417d6ea,WL,test,unetpp,0.3391032917139614,0.2041688023235947,0.0972875226039783,84.02520639268619,0.0928332284092903,0.04296875,0.0003481952636516,0.0001417094222182,5.185078103764694e-05,4.787175315272124e-05,0.0973772321428571,0.0430883290816326
gas_36096,WL,test,unetpp,0.5286167934421387,0.3592652077896004,0.0973484848484848,65.90825222484116,0.2544244229793548,0.39306640625,7.094462920655848e-05,0.0003725680495139,0.0006096955916294,0.0001751934669454,0.146484375,0.3932557397959184
gas_35407,WL,test,unetpp,0.7410181717297822,0.5885852798589687,0.0974791624313884,77.00519130524022,0.2976721823215484,0.71331787109375,2.0038870913969397e-05,0.000179973787356,0.000133824899756,0.0001361790821091,0.4358458227040816,0.7135483099489796
gas_35056,WL,test,unetpp,0.833853151397011,0.7150498690588957,0.0976058931860036,23.769728648009423,0.1019212380051612,0.3565521240234375,3.149278061744348e-05,0.0002319277861686,0.000196405956917,0.000149017644697,0.2559988839285714,0.3574418048469387
gas_32826,WL,test,unet,0.7825674098399573,0.6428014299642509,0.097909658817876,71.11434447937762,0.2190489470958709,0.3961029052734375,4.020446536484415e-05,0.0003751803670545,0.0004067164427027,0.0002016070720995,0.6092354910714286,0.3981983418367347
gas_5cc375b24687ce5,WL,test,attention_unet,0.6599600327005177,0.4924927978308761,0.0979119971688097,82.90414822897262,0.2984295189380646,0.4450225830078125,0.0006165197123646,0.0011841085264102,0.0009018366063507,0.000630754812065,0.432437818877551,0.4451929209183674
gas_35429,WL,test,unetpp,0.8159164747815664,0.6890700338314819,0.0979189485213581,70.0,0.2326211780309677,0.74749755859375,0.0001075922891682,0.0003222992985651,0.0004688497744526,0.0003395826816545,0.5159438775510204,0.7477279974489796
gas_32237,WL,test,attention_unet,0.5222636923878136,0.3534214390602055,0.0980533525594808,95.0394647221632,0.2193877547979354,0.15228271484375,7.077163516106107e-05,0.0003698454526376,0.0002679671712193,0.0001341249119991,0.3065210459183674,0.1527024872448979
gas_34403,WL,test,unet,0.5664719626168224,0.3951593187189308,0.0984042553191489,82.04730360854768,0.4437579810619354,0.545074462890625,0.0001289904748117,0.0007899810005891,0.0005886082944245,0.0007722075450492,0.4797712053571428,0.5438257334183674
gas_34467,WL,test,unet,0.6582916407990359,0.4906369080021774,0.0984062737161649,99.07772947791436,0.1864835768938064,0.2183990478515625,0.0001044234735003,0.0002814920225806,0.0001939954685989,0.0001991163344487,0.3274673150510204,0.2182716836734693
gas_33333,WL,test,swin_unet,0.5564167498017548,0.3854414005741219,0.0984393757503001,89.80534505250787,0.3456034660339355,0.2429656982421875,2.8514873251045905e-05,9.432188553637488e-05,9.625749240508044e-05,2.2960480324681163e-05,0.5363520408163265,0.2427654655612245
gas_36752,WL,test,swin_unet,0.4988574441905432,0.3323185011709602,0.0985040925769122,37.01351104664349,0.1136399880051612,0.0570220947265625,9.2398983482694e-05,8.510687371815429e-05,9.987307347101252e-05,2.165327304735715e-05,0.169204400510204,0.0575573979591836
gas_25778,WL,test,attention_unet,0.8211344620857765,0.6965463283782274,0.0986792923000249,22.02271554554524,0.0541095361113548,0.1540069580078125,3.192093680384007e-05,8.112627384366722e-05,7.239723897603234e-05,2.9889708115556315e-05,0.148696588010204,0.1538185586734693
gas_d686ed6a25e462bb,WL,test,swin_unet,0.6446167400881058,0.4755973894277022,0.0987429404263071,78.38047700258299,0.4019451439380646,0.7570037841796875,8.010476497243176e-05,0.0006001597339185,0.000823156486969,0.0006678984730405,0.3738639987244898,0.7571548150510204
gas_32783,WL,test,attention_unet,0.8589160734581563,0.75271945689497,0.0988722216139275,42.97206785187559,0.1880181729793548,0.6319122314453125,7.30027629972438e-05,0.0003934909656484,0.0003322132517314,0.0002986926006352,0.7024075255102041,0.6302614795918368
gas_27605,WL,test,swin_unet,0.7531106745252129,0.6039915966386554,0.0989208633093525,17.875936319213302,0.0450813136994838,0.069580078125,0.0001282432830744,0.0001325964253467,8.180851040975647e-05,1.361381493274766e-05,0.1135204081632653,0.0690768494897959
gas_32765,WL,test,attention_unet,0.7922470926597474,0.6559678621717883,0.098964326812428,47.38143096192854,0.1655572354793548,0.3408966064453125,5.2381570555211264e-05,0.0005651656250567,0.0004380003740815,0.0001897406270215,0.4553172831632653,0.3415776466836734
gas_27629,WL,test,swin_unet,0.878515328097289,0.7833502767423473,0.099343544857768,25.46852960312097,0.1529017835855484,0.6125946044921875,7.819467289586407e-05,0.0003086858448396,0.0003684282159584,0.0002449077908196,0.6460857780612245,0.6125239158163265
gas_33871,WL,test,unet,0.817395475737179,0.6911824358584322,0.0996108367010926,48.088979748412655,0.2427654713392257,0.6817169189453125,4.228933473671765e-05,0.0002434915778721,0.0001321435127414,0.0001121398059128,0.6474808673469388,0.6819794323979592
gas_26367,WL,test,unetpp,0.6524656426839127,0.4841922130901673,0.0996295574186001,37.21558813185679,0.1713568270206451,0.325653076171875,5.087690013756209e-05,0.0002333659056449,0.0002911289527725,0.0001678469316302,0.1665935905612245,0.3264708227040816
